Ingredient	Count in HER
15 bean soup mix	0
300-500 whole auks	0
A1 steak sauce	35
Abalone	78
Aburaage	0
Acacia Gum	140
Acacia pennata	0
Açaí pulp	0
Aceite	718
Acetic acid	27306
Achiote	5
Achiote oil	0
Acid	1129265
Acid (citric acid)	777
Acidic substance	38
Acidity regulator	2
Acidity regulator (citric acid)	1
Acidity Regulators	1
Acini di pepe	1
Acini di pepe pasta	1
Ackee	13
Acorn noodles	0
Acorn starch	1
Active dry yeast	3
Active yeast	529
Açúcar	0
Adipic Acid	1651
Adobo seasoning	4
Advieh (Persian spice mix)	0
Adzuki bean paste	0
Adzuki beans	36
African birdseye chili peppers	0
African spices	1
Agar	1055
agar agar	48
Agar agar jelly	0
Agar agar powder	0
Agar powder	0
Agua	3737
Agwi (monkfish)	0
Ahi tuna	105
Aioli	60
Air	1485522
Aiyu seeds	0
Aji amarillo	0
Aji amarillo (yellow chili pepper)	0
Aji amarillo paste	0
Aji Amarillo pepper	0
Aji amarillo peppers	0
Ají dulce	0
Aji mirasol	0
Aji panca	0
Ajíes	0
Ajitsuke tamago	0
Ajo	188
Ajwain	8
Ajwain (carom seeds)	1
Ajwain seeds	4
Akhuni	0
Alaea clay	0
Alchermes liqueur	0
alcohol	2009576
Aleppo pepper	0
Aligue (crab fat)	0
Alkaline mineral water	0
Alkaline water	831
Alkalizing agent	414
All-purpose cream	50
All-purpose flour	309
Allspice	218
allspice berries	1
almond	74364
Almond cream filling	0
Almond essence	2
Almond extract	2213
Almond filling	1
Almond flour	931
Almond gum	0
Almond meal	248
Almond milk	39879
Almond paste	107
Almonds	85801
Alum	28407
Aluminum foil	847
Amaranth seeds	3
Amaretto	276
Amaretto liqueur	3
Amba	225
Amchur (dried mango powder)	0
Amchur powder	0
American cheese	5641
Ammonium bicarbonate	5
Ammonium carbonate	1
Ammonium chloride	649
Ammonium sulfate	42
Ancho Chilies	0
anchovies	6291
Anchovy broth	1
Anchovy fillets	0
Anchovy paste	18
Andouille sausage	21
Anelli	9
Anise	1454
Anise Extract	0
Anise liqueur	0
Anise oil	12
Anise seed	279
Anise seeds	16
Aniseed	282
Anko (sweet red bean paste)	0
Annatto	1239
Annatto (Color)	13
Annatto extract	33
annatto oil	1
annatto seeds	5
Ant eggs	1
Anti-caking agent	6
Antioxidant	12926
Antioxidant (E300)	0
Antioxidants	10992
Aonori	0
Apple	475057
Apple cider	20885
Apple cider vinegar	11180
Apple concentrate	1
apple pie	1837
Apple sauce	31017
Apples	86422
Applesauce	149406
apricot jam	45
Apricot kernels	56
Apricot paste	1
Apricots	31008
Arabic spices	1
Arborio rice	4
areca nut	3
Arepa	17
Argan oil	409
Aromatics	41
Arrowroot	4462
Arrowroot starch	6
Artichoke hearts	5950
Artichokes	12584
Artificial color	93
Artificial colors	1683
Artificial flavor	123
Artificial flavorings	63
Artificial flavors	1825
Arugula	4333
Asafoetida	46
Ascorbic acid	108261
Ash	40105
Ash gourd	1
Ash plantain curry	0
Asian pear	188
Asparagus	47352
Aspic	4
Assorted meat	1
Assorted vegetables	59
Assorted vegetables (such as lettuce, tomato, cucumber, bell peppers, onions)	0
atchar	2
Attap chee	0
Au jus dip	0
Avgolemono sauce	0
Avial	298
avocado	65197
Avocado cubes	3
Awamori	0
Awara seeds	0
Ayam Goreng	0
Azeitão cheese	0
Azuki bean paste	2
Baba ganoush	95
Baboy	2
Baby corn	179
Baby potatoes	121
Bacalao	13
Baccalà	0
Bacillus subtilis (natto bacteria)	0
bacon	110259
Bacon bits	1060
Bacon drippings	11
Bacon strips	204
Badam	13
Bagel	43189
Bagoong (fermented shrimp paste)	0
Baguette	802
Baguette or bread bun	0
baked beans	16381
baking powder	6677
Baking soda	77734
Baklava	452
Balsamic vinaigrette	758
Balsamic vinaigrette dressing	91
Balsamic vinegar	4076
Bamboo leaves	2
Bamboo shoot	32
bamboo shoots	5330
Bamboo tubes	0
banana	158795
Banana blossom	0
Banana Chips	4332
Banana flower	12
Banana heart	1
Banana ketchup	1
Banana leaf	7
banana leaves	6
Banana liqueur	1
Banana peppers	520
Banana stem	4
bananas	101105
barbecue sauce	3079
Barberries	1
Barley	36361
Barley flour	218
Barley malt	118
Barley malt extract	12
Barley malt syrup	12
Barley rusk	1
Barley Syrup	6
Basil	21998
Basil leaves	26
Basil seeds	11
Basmati rice	459
Batter	5428
batwan fruit	0
bay leaf	302
bay leaves	46
BBQ sauce	2992
Bean curd	38
Bean curd skin	0
bean sprouts	4485
Bean thread noodles	4
beancurd skin	0
beans	313457
Bechamel sauce	5
Bee hoon	0
beef	257766
Beef (such as beef jerky)	0
Beef blood	6
Beef bone broth	43
Beef bone extract	0
Beef bones	6
beef brisket	237
Beef broth	124428
Beef casing	2
Beef chuck	83
Beef cubes	18
Beef dripping	0
Beef drippings	1
Beef eye round roast	0
Beef fat	40
Beef feet	0
Beef fillet	6
Beef flank	18
Beef Gelatine	0
beef heart	16
Beef honeycomb tripe	0
Beef hot dog	143
Beef innards	0
beef intestines	0
beef kidney	31
beef liver	6637
Beef lungs	0
Beef or chicken bones	0
Beef or chicken broth	64
Beef or lamb	1510
Beef or lamb, onions, carrots, potatoes, stock, seasoning	0
beef or pork	2848
Beef or Pork Blood	0
Beef or pork bones	10
Beef or veal bones	0
Beef or veal broth	0
Beef or veal stock	0
Beef or vegetable broth	77285
Beef organs	16
Beef patty	235
Beef rendang	0
Beef ribs	249
Beef roast	578
Beef sausage	200
Beef sausages	19
Beef shank	5
Beef short ribs	56
Beef sirloin	68
Beef skin	27
Beef slices	15
beef spleen	5
Beef steak	555
Beef stock	52
Beef strips	25
beef suet	2
Beef tail	0
Beef tenderloin	552
Beef tendon	0
Beef testicles	0
Beef tongue	14
Beef tripe	3
Beef, pork, water, salt, spices, natural flavors, sodium nitrite	0
Beer	495128
Beer sauce	0
Beeswax	2385
Beetroot	415
Beetroot salad	2
Beets	22168
Belacan	0
bell pepper	4867
bell peppers	19562
Bengal gram	6
Bengal gram flour	0
Beni shoga	0
Berbere	0
Berbere (spice blend)	0
Berbere spice blend	0
Bergamot	530
berries	62532
Besan	11
Besan (chickpea flour)	0
Besan (gram flour)	0
betel leaves	3
betel nuts	21
BHA, BHT, Citric Acid	1
Bicarbonate of soda	71
Bichon au citron	0
Bignay	0
Bigoli	13
Bihun	51
Bile	205602
Bilimbi	0
Biotin	55185
bird's eye chili	0
Bird's eye chili peppers	0
Bird's eye chilies	0
birds	29287
Biscuit	8296
Biscuit crumbs	2
Biscuits	13146
bitter gourd	34
Bitter herbs	67
Bitter melon	324
Bitterleaf	0
Blachan	1
Black bean paste	3
Black bean sauce	7
Black beans	29703
black cardamom	1
Black cardamom pods	0
Black Eyed Peas	3808
black fungus	40
Black glutinous rice	0
Black gram	11
Black gram beans	1
Black gram dal	0
Black olives	1170
black pepper	8172
Black pepper powder	8
black peppercorns	6
Black pudding	28
Black salt	10
Black sesame seed	17
Black sesame seeds	25
Black soybeans	6
Black sugar	14
Black tea	14045
Black tea leaves	7
Black treacle	1
Black vinegar	4
Black-eyed peas	3808
blackberries	28275
Blackberry jam	41
Blood	2442504
blood sausage	15
Blue 1	9428
Blue 1 Lake	23
Blue cheese	7147
Blue cornmeal	1
Blue food coloring	4536
Blue icing	13
Blueberries	52831
Boiled egg	11125
Boiled eggs	9595
Boiled potatoes	767
Boiling water	7411
Bok choy	14808
Bolillo bread	0
Bolillo roll	0
Bologna	9846
Bondiola	0
Bone marrow	392679
Bones	678498
Bonito fish	4
Bonito flakes	7
Bottle gourd	5
Bouillon cube	90
Bouquet garni	1
Bourbon	3273
Bourbon vanilla extract	0
Bourbon whiskey	33
Bracken starch	0
Brain	948134
Braised cabbage	7
Braised pork belly	1
Braised tofu	1
Brandy	50984
Brandy or rum	6
Branston pickle	0
Bread	260302
Bread bun	85
bread crumbs	837
Bread dough	87
Bread flour	127
Bread roll	270
Bread rolls	1489
Bread Rusk	0
bread slices	216
breadcrumbs	294
Breadfruit	8
Breakfast sausage	1668
Brick cheese	19
Brinjal	1
Brioche	204
Brioche bun	72
Broad beans	260
Broccoli	155284
Broken rice	5
broth	266734
Brown gravy	91
brown sugar	12988
Bryndza cheese	0
Buah keluak nuts	0
Bubblegum	406
Bucatini	1
Buckwheat	11570
Buckwheat flour	164
Buckwheat groats	72
Buckwheat noodles	98
Budu (fermented fish sauce)	0
Buffalo meat	54
Buffalo ribs	0
Buko	65
Buko strips	0
Buldak sauce	0
Bulgur	6876
Bulgur wheat	1420
Bull testicles	1
bun	495199
Bún (rice vermicelli)	0
Bunga Kantan flower buds	0
Buns	5932
Burdock root	350
Burdock roots	3
Burger patty	490
Burnt ends	17
butter	232669
Butter oil	3669
Buttercream	74
Butterfish	460
Butterfly pea flowers	1
Buttermilk	29708
Butterscotch chips	17
cabbage	70954
Cabbage leaves	1896
Caciocavallo cheese	0
Cacık	0
Caesar dressing	5196
Cajun seasoning	62
Cake	89624
Cake crumbs	6
Cake flour	14
Cake mix	222
Calamansi	0
Calamansi juice	0
Calamansi or lemon	0
Calamarata	0
Calamares	0
calamari	663
Calcium	1117550
Calcium carbonate	194998
Calcium pantothenate	134
Calcium phosphate	12806
Calcium propionate	15
Calcium Stearate	59
Calcium sulfate	4081
Calf spleen	0
Calf's head	0
Calf's liver	8
Callaloo	5
Calvados	0
Camachile fruit	0
Cambodian mint	0
Camel meat	2
Camembert cheese	8
Campanelle	1
Canadian bacon	956
Candied citron	0
Candied citrus peel	0
Candied fruit	6
Candied fruits	14
Candied lemon peel	0
Candied melon	0
Candied orange and lemon peel	0
Candied orange peel	0
Candied peel	0
candlenut	2
Candlenuts	1
Candy coating	10
Candy melts	1
Canela	45
Canned clams	19
Canned diced tomatoes	27
Canned Mandarin Oranges	115
Canned Pineapple Chunks	3
Canned tomatoes	3230
Canned tuna	5252
Cannellini beans	117
Cannelloni	28
Cannoli shells	1
Canola oil	30693
Cantal cheese	0
Capellini	914
capers	2806
Capicola	14
Capsanthin	0
Capsicum	1369
Carambola	1183
Caramel	7040
Caramel color	355
Caramel filling	1
Caramel pieces	1
caramel sauce	209
Caramelized onions	31
Caramelized sugar	4
Caraway	1135
Caraway seed	108
Caraway seeds	60
Carbon dioxide	48860
Carbonated beverage (such as soda or root beer)	0
cardamom	727
Cardamom pods	4
Cardamom powder	3
Carmine	8827
Carnauba wax	149
Carne asada	59
Carne norte	0
Carne salada	0
Carnitas	99
Carom seeds	3
Carp	2535
Carp fish	2
Carrageenan	461
carrot	34757
carrots	131599
Cașcaval	0
Casein	9073
Cashew nuts	4171
Cashews	22988
Cassareep	0
cassava	391
Cassava dough	2
Cassava flour	51
Cassava leaf	4
Cassava leaves	4
Cassia flower buds	0
Cassis liqueur	0
Caster sugar	0
Catfish	5480
Cauliflower	75920
Cauliflower florets	16
Caviar	271
Cayenne	5748
cayenne pepper	2410
Cebolla	273
Celeriac	57
celery	166786
Celery root	36
Celery salt	5536
Celery seed	289
Cendol	0
Century egg	0
Cereal	279791
Chaat masala	0
Chamoy	3
Chamoy sauce	1
Chana dal	12
Chancaca	0
Chapaleles	0
Chapati	509
Char siu (Chinese BBQ pork)	0
Char siu pork	1
Charcoal	14707
Charoset	1
Chashu pork	0
Chat Masala	0
Chayote	1018
cheddar cheese	12018
cheese	348458
Cheese (such as goat cheese or cream cheese)	0
Cheese Culture	10
Cheese curds	324
Cheese sauce	1733
Cheese slice	503
Cheeseburger or hamburger patty	0
Cheeses	66439
Cheesesteak	199
Cheongju (rice wine)	0
Cherries	28121
Cherry	168190
Cherry jam	50
Cherry leaves	0
cherry pie	512
Cherry pie filling	24
Cherry pits	47
Cherry syrup	819
Cherry tomatoes	3123
Chervil	13
Chestnut flour	2
Chestnuts	4541
Chex cereal	887
Chhena	0
Chia seeds	10889
Chicatanas	0
Chicharron	3
Chicharrón	0
chicken	477127
Chicken blood	21
chicken breast	18019
chicken broth	16671
Chicken chaat	0
Chicken cutlets	37
Chicken extract	3
Chicken fat	250
chicken feet	19
Chicken fillet	636
chicken gizzard	3
chicken heart	6
Chicken hearts	4
Chicken intestines	0
Chicken leg	619
chicken liver	3170
Chicken livers	177
Chicken neck skin	1
Chicken or beef	123631
Chicken or beef broth	121953
Chicken or lamb	135
Chicken or other protein	69
Chicken or pork	1879
Chicken or veal stock	0
Chicken or vegetable broth	34
Chicken pieces	224
Chicken salad	11804
Chicken skin	1245
Chicken slices	47
Chicken stock	317
chicken thigh	835
Chicken thighs	1037
Chicken tikka	108
chicken wings	4230
Chickpea flour	175
Chickpea flour noodles	0
chickpeas	25079
Chikuwa	1
Chile peppers	12
Chilean chili sauce	0
Chiles	6809
chili	28051
Chili bean paste	0
chili flakes	112
Chili leaves	0
chili mayo	1
chili oil	27
chili paste	32
Chili pepper	327
Chili pepper extract	6
Chili pepper flakes	3
chili peppers	1308
Chili powder	1132
chili sauce	184
Chili seasoning	24
Chilies	937
Chilli	962
Chilli paste	1
Chilli sauce	4
Chimichurri	11
Chimichurri sauce	4
Chinese BBQ pork	1
Chinese broccoli	21
Chinese cabbage	9679
Chinese chives	3
Chinese five-spice powder	2
Chinese hotpot base	0
Chinese mesona	0
Chinese mushrooms	14
Chinese noodles	155
Chinese parsley	85
Chinese sausage	8
Chipotle Chilies	0
Chipotle peppers	8
Chips	277178
Chives	5738
chocolate	247260
Chocolate bars	745
Chocolate biscuits	18
Chocolate cake mix	6
Chocolate chip cookie dough pieces	0
Chocolate chips	4471
Chocolate chunks	44
Chocolate coating	32
Chocolate cookie crust	0
Chocolate for topping	0
chocolate ganache	5
Chocolate glaze	3
Chocolate ice cream	3481
Chocolate icing	20
Chocolate liquor	15
Chocolate pieces	146
Chocolate sandwich cookies	7
Chocolate sauce	589
Chocolate shavings	5
Chocolate sprinkles	19
Chocolate syrup	13443
Chocolate wafer cookies	8
choice of meat	9
Choline bitartrate	251
Chopped coriander leaves	0
Chopped green chilies	0
Chopped Hazelnuts	0
Chopped herbs	4
Chopped nuts	926
Chopped nuts (such as almonds or walnuts)	0
Chopped onions	49
Chopped parsley	21
Chopped pecans	568
Chopped tomatoes	94
Chopped white onions	0
chorizo	396
Chorizo sausage	21
Chourico	0
Chouriço	0
Choux pastry	0
Choux pastry dough	0
Choy sum (Chinese leafy green vegetable)	0
Chueo (Korean bracken fern)	0
chutney	2773
cilantro	4298
Cilantro roots	0
Cilantro stems	0
cinnamon	206818
cinnamon powder	42
cinnamon stick	158
cinnamon sticks	280
Citric acid	16406
Citron	315
Citrus zest	4
Civet cat's digestive enzymes	0
clams	56595
Clarified butter	138
Clementines	4049
Clotted cream	6
Cloud ear fungus	0
Cloudberries	27
Clove	3420
cloves	3411
Club soda	900
Coagulant	146292
Coarse sea salt	3
Coca-Cola	9544
Coca-Cola syrup	22
Cockles	18
Cocktail sauce	2767
Cocktail sausage	11
Cocoa	42740
Cocoa (Processed with Alkali)	23
Cocoa beans	411
cocoa butter	21701
cocoa mass	2
cocoa powder	1034
Cocoa powder for rolling	0
Cocoa solids	1
coconut	68798
coconut cream	918
coconut flakes	511
Coconut jelly	4
Coconut meat	20
coconut milk	12599
Coconut oil	37012
Coconut paste	6
Coconut pieces	11
Coconut shavings	12
Coconut water	4768
Cocoyam	1
Cod	32259
Cod roe	4
Codfish	2574
coffee	577358
Coffee beans	229
Coffee fondant	0
Cognac	654
Cola	90130
Cold water	67478
coleslaw	10791
Collard greens	6720
Colocasia	1
Colocasia leaves	0
Color (Anthocyanins)	0
Color (curcumin)	1
Color (Paprika Extract)	0
Color added	79
Colorants	198
Colored Sugar (purple, green, gold)	0
Colored sugar sprinkles	0
Coloring agents	92
Colorings	320
Colors (Yellow 5, Red 40, Blue 1)	0
Colour	4695
Colour (Annatto)	0
Colour (beta-carotene)	0
Colour (Carotenes)	0
Colour (Curcumin)	0
Colourings	3
Colours	272
Colours (Anthocyanins, Paprika Extract, Curcumin, Chlorophylls, Beetroot Red)	0
Comino	5
Comté cheese	0
Concentrated orange juice	18
Conch	169
Conchiglie	0
condensed milk	1323
Condiments	29545
Cone	157916
Cone coating	0
Confectioner's glaze	8
Confectioners' sugar	12
Conger eel	0
Cooked beef	201
Cooked carrots	4353
Cooked chicken	2344
Cooked crab meat	0
Cooked eggs	4167
Cooked flippers	0
Cooked ham	31
Cooked jasmine rice	5
Cooked peas	638
cooked rice	33707
Cooked shredded chicken	9
Cooked shrimp	463
Cooked shrimp or chicken	0
Cookies	81592
cooking oil	1995
Cooking wine	2285
Cool Whip	983
Copha	84
Copper gluconate	693
Coregone fish	0
coriander	4335
Coriander leaves	6
Coriander powder	2
coriander roots	0
Coriander seed	18
Coriander seeds	17
corn	266605
Corn dough	2
corn flour	238
Corn grits	158
Corn husks	28
corn kernels	453
corn masa	7
Corn masa dough	0
Corn Meal	457
Corn on the cob	8906
Corn starch	4749
Corn syrup	29848
Corn syrup solids	3651
Corn tortilla	20827
Corn tortillas	12679
Cornbread	4061
Corned beef	4205
Cornflakes	1403
Cornflour	8
Cornichons	1
Cornmeal	5659
Cornmeal coating	3
cornstarch	7096
Cotechino sausage	0
Cottage cheese	93631
Couscous	12434
Cow cod	0
Cow's feet	1
Cow's innards	0
Cow's lungs	0
Cow's milk	64993
Cow's tongue	0
Cow's tripe	0
cowpeas	101
crab	20313
Crab fat	1
Crab meat	689
Crab paste	0
Crab Rangoon	164
Crab roe	0
Crab stick	5
crackers	255222
Cranberries	24107
Cranberry Sauce	5846
Crawfish	704
Crayfish	422
cream	844550
cream cheese	25697
cream cheese frosting	60
Cream of chicken soup	432
Cream of mushroom soup	734
cream of tartar	158
Creamy peanut butter	1724
Crema	1452
Crema Mexicana	0
Creme de cacao liqueur	0
Creme de menthe liqueur	0
Crème fraîche	0
Creole seasoning	12
Crêpes	0
Crescent roll dough	3
Cress	462
Crispy fried wonton	0
Crispy fried wonton wrappers	0
Crispy pastry shell	0
Croissant dough	2
Croutons	4611
Crow	8527
Crushed candy canes	0
crushed pineapple	479
Crushed red pepper flakes	3
Crushed tomatoes	75
Crusty bread bun	0
Cuban bread	1
Cube steak	230
cucumber	55277
Cucumbers	25972
Culantro	0
Cultured milk	56
cumin	5032
Cumin powder	11
cumin seeds	279
Curacao liqueur	0
Curacha	0
Curanto leaves	0
Curd	3676
Curd cheese	7
Cured meats	6005
Curing salt	1
currants	212
Currants or raisins	1
Curry	32585
Curry filling	0
Curry ketchup	1
Curry leaves	12
Curry paste	571
Curry powder	1243
Curry roux	0
Curry sauce	116
Curtido	0
Custard	13539
Custard cream	3493
Custard filling	4
Custard powder	1
Cuttlefish	22
Dabeli masala	0
Daechu-gom	0
Daikon	1063
daikon radish	24
Dangmyeon noodles	0
Dark beer	1245
Dark brown sugar	9
dark chocolate	10837
Dark muscovado sugar	0
Dark rum	11
dark soy sauce	1
Dashi	44
Dashi broth	1
Dashi stock	0
Datem	22
Dates	473677
Daun Kesum leaves	0
Daun Salam leaves	0
Daylily buds	0
Dehydrated Chicken Meat	0
Dehydrated green and red bell peppers	0
Dehydrated lime juice	0
Dehydrated onions	3
Dehydrated vegetables	22
Deli meats	7283
Demi-glace sauce	0
Dende oil	0
desiccated coconut	3
Dessert	66318
Dextrose	194876
Diced tomatoes	684
Digestive biscuits	18
Dijon mustard	302
Dill	4065
Dill pickle spear	9
Dill seeds	2
Dinner rolls	363
Dip	272302
Dipping sauce	299
Dipping sauces	185
Disodium guanylate	21
Disodium inosinate	28
Disodium Phosphate	685
Distilled vinegar	720
Dock leaves	0
Doenjang	0
Dog meat	19
Dolmades	0
Doner kebab meat	0
Donkey meat	0
Donut	30714
Doubanjiang	0
Double cream	38
Dough	10191
Dough conditioner	8
Dressing	813780
Dried acai berries	0
Dried anchovies	0
Dried apples	183
Dried apricots	2473
Dried baby sardines	0
Dried bamboo shoots	0
Dried bananas	71
Dried baobab leaves	0
Dried bean curd	4
Dried bean curd knots	0
Dried bean curd sheets	0
Dried bean curd sticks	0
Dried beef	201
Dried bellflower roots	0
Dried black	191
Dried black currants	0
Dried black fungus	0
Dried black raspberries	0
Dried blackberries	2
Dried blueberries	605
Dried bonito flakes	0
Dried boysenberries	0
Dried cassava	0
Dried cherimoyas	0
Dried cherries	1498
Dried chili	5
Dried chili peppers	3
Dried chilies	2
Dried clementines	1
Dried cloudberries	0
Dried coconut	64
Dried coconuts	0
Dried cranberries	5401
Dried currants	8
Dried cuttlefish	1
Dried dates	56
Dried daylily buds	0
Dried dewberries	0
Dried durians	0
Dried egg	26
Dried egg noodles	1
Dried elderberries	1
Dried figs	364
Dried fish	91
Dried fruit	39395
dried fruits	21602
Dried fruits (such as raisins, apricots, or figs)	0
Dried goji berries	9
Dried golden raspberries	0
Dried gooseberries	0
Dried grapefruits	0
Dried guavas	0
Dried haricot beans	0
Dried huckleberries	0
Dried jackfruits	0
Dried kiwis	1
Dried kumquats	1
Dried lemons	0
Dried lily buds	0
Dried lily bulbs	0
Dried Lily Flowers	0
Dried lime	3
Dried limes	1
Dried lingonberries	0
Dried loganberries	0
dried longan	1
Dried longans	0
Dried lychees	0
Dried mandarins	0
Dried mangoes	55
Dried marionberries	0
Dried meat	29
Dried mint	8
Dried miso	0
Dried mulberries	1
Dried oranges	4
Dried papayas	0
Dried passion fruits	0
Dried peaches	228
Dried pears	17
Dried persimmons	0
Dried pineapples	5
Dried plums	104
Dried pomegranates	0
Dried potatoes	32
Dried purple raspberries	0
Dried radish greens	0
Dried rambutans	0
Dried raspberries	8
Dried red chili peppers	0
Dried red chilies	1
Dried red currants	0
Dried red dates	0
Dried red raspberries	0
Dried river algae	0
Dried salmonberries	0
Dried scallops	0
Dried seaweed	507
Dried shiitake mushrooms	9
Dried shiso leaves	0
Dried shredded squid	0
dried shrimp	23
Dried shrimps	0
Dried skim	5
Dried skimmed milk	0
Dried soursops	0
Dried split fava beans	0
Dried Squid	16
Dried strawberries	251
Dried tangerine peel	0
Dried tangerines	8
Dried tofu skin	1
Dried whey	2
Dried whey (milk)	1
Dried white currants	0
Dried wineberries	0
Dried yellow peas	0
Dried yellow raspberries	0
Drumstick	903
Drumsticks	726
Dry fish	121
Dry fruits	285
Dry ginger powder	0
Dry mango powder	0
Dry red chilies	0
Dry rub	400
duck	25616
Duck blood	3
Duck breast	15
Duck broth	0
Duck confit	0
Duck eggs	180
Duck embryo	10
Duck fat	16
Duck legs	2
Duck liver	8
Duck meat	13
Duck, chicken or quail eggs	0
Dulce de leche	12
dumpling wrappers	0
Dumplings	1879
Durian	93
Durum wheat flour	3
Durum wheat semolina	7
E476	3
Edamame	11369
Edamame beans	114
Edible flowers	4
Edible food coloring	0
Edible gum	2
Edible oil	30
Edible Salt	1
Edible vegetable oil	2
Eel	3995
Eels	6801
egg	228503
Egg batter	27
Egg butter	82
Egg dishes	838
Egg noodles	3145
Egg roll wrappers	4
Egg rolls	657
Egg salad	5888
egg wash	66
Egg white powder	54
egg whites	11441
Egg yolk	6955
egg yolks	9133
eggplant	35079
Eggplants	375
eggs	378906
Elbow macaroni	4002
Electricity	15286
Elephant Apple	1
Emmer wheat	0
Emping (melinjo chips)	0
Emping crackers	0
Emulsifier	270
Emulsifier (soy lecithin)	1
emulsifier (soya lecithin)	0
emulsifiers	1454
Emulsifiers (E442, E476)	0
Emulsifiers (E471, sunflower lecithin)	0
Emulsifiers (Mono- and Diglycerides of Fatty Acids, Ammonium Phosphatides)	0
Emulsifiers (mono- and diglycerides of fatty acids, sunflower lecithin)	0
Emulsifiers (soya lecithin, E476)	0
Emulsifiers (soya lecithin, mono- and diglycerides of fatty acids)	0
Enchilada sauce	106
Endive	5145
English muffins	8470
Eno fruit salt	2
Enoki mushrooms	8
Enriched flour	3240
Enriched Pasta	271
Enriched wheat flour	60
Enzymes	298771
Escamol	0
Escarole	3216
Eskimo lollies	0
Espelette pepper	0
Espresso	3027
Espresso coffee beans	0
Evaporated milk	4366
Extra virgin olive oil	9490
Extra-virgin olive oil	9490
Fabes	48
Fajita seasoning	19
Falafel	829
Fanta	5932
Farina	3530
Farinha de trigo	0
Farmer's cheese	34
Farsan	2
Fat	826549
Fat reduced cocoa	0
Fat-reduced cocoa powder	0
Fat-reduced cocoa powder (7.4%)	0
Fava beans	2203
FD&C Red 40	105
Fennel	11121
Fennel seed	1626
fennel seeds	810
Fenugreek	7952
Fenugreek leaves	6
Fenugreek seeds	53
Fermentation starter	0
Fermented anchovy sauce	0
Fermented bean paste	1
fermented black beans	1
Fermented brine	0
Fermented cow's milk	0
Fermented leafy greens	0
Fermented milk culture	0
Fermented pork skin	0
Fermented Rice Wash	0
Fermented rice wine	0
fermented shrimp paste	0
Fermented skate	3
Fermented sour cream	0
fermented soybean	49
fermented soybean paste	2
fermented soybeans	50
Fermented tea leaves	0
Fernbrake (gosari)	0
Ferric phosphate	2
Ferrous sulfate	284834
feta cheese	2531
Fettuccine	465
field peas	9
Fig	6995
Figs	20469
Filling	448219
Filling (beans, cheese, or other ingredients)	0
Filling (cheese, pork, chicken, or beans)	0
Filling (fruit, poppy seed, nut, etc.)	0
Filling (meat, cheese, vegetables)	0
Filling (meat, fish, or vegetable)	0
Filling (meat, vegetables, etc.)	0
Filling (such as chicken, mushrooms, seafood, or vegetables)	0
Filling (varies)	1
Filling of choice	0
Fillings (such as salmon, tuna, pickled plum, etc.)	0
Fillings (such as seasoned vegetables, meat, or fish)	0
Fillings (such as sesame paste, red bean paste, or peanut paste)	0
Fillings (such as vegetables, mushrooms, or sweet fillings like red bean paste)	0
Filo dough	11
Finely chopped green chilies	0
Finely chopped onions	2
Firm tofu	1508
fish	609544
Fish (such as tuna, salmon, or shrimp)	0
Fish (usually leftover fried fish)	0
Fish balls	38
Fish broth	72
Fish cake	43
Fish cakes	25
Fish crackers	1354
Fish curry	37
Fish curry paste	0
Fish dishes	57
fish fillet	235
Fish fillets	515
Fish fingers	12
Fish head	15
Fish heads	5
Fish maw	0
Fish or seafood broth	0
Fish paste	8
Fish protein (Alaska Pollock and/or Pacific Whiting), water, wheat starch, sugar, egg whites, sorbitol, crab extract, natural and artificial flavorings, sodium tripolyphosphate, tetrasodium pyrophosphate, color additives (paprika, carmine), and sodium pyrophosphate.	0
fish sauce	285
Fish sauce dressing	0
Fish stock	14
Fishcake	2
Five-spice powder	2
Flaked almonds	1
Flat rice noodles	0
Flatbread	1092
Flattened rice	14
Flavored syrup	250
Flavored syrups	96
Flavoring	13236
Flavoring (such as fruit juice or extract)	0
Flavoring oil	6
Flavoring syrup	17
Flavorings	8796
Flavors	29813
Flavour enhancers	0
Flavouring	36
Flavourings	10
Flavours	38
Flaxseed	41046
Flaxseeds	9300
Flies	12422
flour	65806
Flour crisps	2
Flour tortilla	2915
Flour tortillas	2221
Foam	219166
Foie gras	22
Folic acid	241441
Fondant	40
Fondant icing	4
Fontina	18
Fontina cheese	9
Food acids	4
Food coloring	11388
Food starch-modified	13
Food-grade colors	0
Four-angled bean	0
Freekeh	23
French baguette	59
French bread	4749
French fried onions	18
French fries	34612
French tacos	0
Fresh anchovies	0
Fresh basil	1239
Fresh basil leaves	3
Fresh berries	1118
Fresh cabbage	22
Fresh cilantro	408
Fresh coconut	60
Fresh coconut milk	3
Fresh coriander	90
Fresh coriander leaves	3
Fresh dill	18
Fresh duck blood	0
Fresh fish	587
Fresh fruit	27484
Fresh fruits	69906
Fresh ginger	2048
Fresh green beans	306
Fresh herbs	6498
Fresh herbs (cilantro, dill, parsley)	0
Fresh herbs (such as basil or oregano)	0
Fresh herbs (such as parsley, chives, tarragon)	0
Fresh herbs (such as thyme, rosemary, and parsley)	0
Fresh mango slices	1
Fresh mint	160
Fresh mozzarella	1063
Fresh mozzarella cheese	28
Fresh oregano	7
Fresh parsley	53
Fresh pigeon peas	0
Fresh red chilies	0
Fresh snow	49
Fresh strawberries	1694
Fresh tomatoes	785
Fresh vegetables	18716
Fried anchovies	3
Fried Beef	50
Fried Cheese	136
Fried chicken	10393
Fried Chicken Beaks	0
Fried Chicken Blood	3
Fried Chicken Bones	0
Fried Chicken Cartilage	0
Fried Chicken Claws	0
Fried Chicken Combs	0
Fried Chicken Eggs	4
Fried Chicken Embryos	0
Fried Chicken Fat	0
Fried Chicken Feathers	0
Fried Chicken Feet	0
Fried Chicken Gizzards	7
Fried Chicken Heads	0
Fried Chicken Hearts	0
Fried Chicken Intestines	0
Fried Chicken Liver	3
Fried Chicken Necks	0
Fried Chicken Skin	8
Fried Chicken Spurs	0
Fried Chicken Wattles	0
Fried Chicken Wings	265
Fried chickpeas	14
Fried coconut flesh	0
Fried Crackers	8
Fried egg	2512
Fried eggplant	34
fried eggs	1667
Fried fish	3036
Fried French Fries	76
Fried Fruits	80
Fried garlic	11
Fried grated coconut	0
Fried items	188
Fried lentils	8
Fried noodles	71
Fried Nuts	5
Fried onion	148
Fried peanuts	5
Fried Pickles	113
Fried plantains	77
Fried Popcorn	6
Fried Pork	389
Fried pork rind	0
Fried Rice	3585
Fried Seafood	39
Fried seafood (such as shrimp or oysters)	0
Fried shallots	0
Fried shrimp	559
Fried spiced grated coconut	0
Fried Squid	9
Fried tempeh	2
Fried tofu	113
Fried Vegetables	705
Fried wontons	6
Frik (cracked wheat)	0
Frisée	0
Fritos	1792
Fromage blanc	0
Frosting	4490
frothy milk	13
Frozen banana	535
Frozen peas	9266
Fruit	486771
Fruit (such as apples, cherries, or berries)	0
Fruit (such as strawberries, mango, or kiwi)	0
Fruit and Vegetable Concentrates	3
fruit cocktail	30183
Fruit Flavoring	39
Fruit juice	135181
Fruit Juice from Concentrate	1
Fruit or flavoring (e.g. berries, chocolate)	0
Fruit pieces	883
Fruit puree	2664
Fruit toppings	32
fruits	522395
Fruits (e.g. apples, plums, cherries)	0
Fruits (such as apple, pear, and peach)	0
Fruits or vegetables	16551
Fudge	3286
Fudge swirls	0
Fugu	5
Fumaric Acid	1624
Funchoza	0
Functional ingredients	0
Furikake	14
galangal	10
Gambas	1
Game meat	105
Ganmodoki	0
Garam masala	103
Garcinia	139159
Garden egg	6
Gari	124
garlic	242142
Garlic butter	259
Garlic chive flowers	0
Garlic chives	8
Garlic chutney	0
Garlic cloves	206
Garlic flakes	1
Garlic naan	22
Garlic oil	2952
Garlic powder	8430
Garlic sauce	400
Gazelle ankles	0
gelatin	137502
Gelatine	44
Gelatinized broth	0
Gelatinous broth	0
Gelling agent (pectin)	0
Genepi	2
Ghee	4740
Ghee for frying	1
Ghonghi	0
Gila squash	0
ginger	267869
Ginger garlic paste	1
ginger juice	95
Ginger paste	11
Ginger-garlic paste	1
Gingerbread cookies	51
gingerbread spice mix	0
Gingko nuts	1
Ginkgo nuts	5
Ginseng	182997
gizzard	23
Glace cherries	0
Glass noodles	15
Glasswort	1
Glazed donut halves	0
Glazing agent	12
Glazing Agent (Carnauba Wax)	0
Glazing Agents	1
Glazing agents (carnauba wax, beeswax)	0
Glucose	1124294
Glucose syrup	112
Glucose-fructose syrup	2
glutinous rice	10
Glutinous rice balls	0
glutinous rice flour	0
Glutinous rice paste	0
Glycerin	77656
Glycerine	7910
Goat	28260
Goat cheese	1224
Goat head	5
Goat meat	101
Goat trotters	0
Goat's milk	11936
Gobo	16
Gobo roots	0
Gochugaru	1
Gochugaru (Korean red chili flakes)	0
Gochugaru (Korean red chili pepper flakes)	0
gochugaru (Korean red pepper flakes)	0
gochujang	13
Gochujang (Korean chili paste)	0
Gochujang (Korean red chili paste)	0
Gochujang (red chili paste)	0
Goji berries	198
Golbaengi (whelk)	0
Gold leaves	1
Golden raisins	47
Golden syrup	101
Goose	9635
Goose liver	6
Gooseberry	1237
Gorgonzola	146
Gouda cheese	166
GPT-based ingredient list	0
Graham cracker crumbs	139
Graham cracker crust	39
Graham crackers	26971
Graham flour	24
Grain	177541
Grain vinegar	2
Grains	256282
Gram flour	18
Grana Padano cheese	4
Grand Marnier	33
Granola	52689
Granulated sugar	647
Grape	199180
Grape Jelly	509
Grape juice	169919
Grape leaves	594
grape molasses	0
Grape must	2
Grapefruit	107121
Grapes	132842
Grass jelly	0
Grass jelly cubes	0
Grated cassava	0
Grated cheese	316
grated coconut	7
Grated daikon radish	0
Grated garlic	0
Grated ginger	1470
Grated Grana Padano	0
Grated nutmeg	2
Grated Parmesan	2008
Grated Parmesan cheese	1956
Grated sweet potato	0
Graveyard	394
Gravlax	1
Gravy	23618
Greek yogurt	31272
Green Apple	495
Green apples	339
Green banana	125
Green bananas	129
Green Bean	3339
Green bean paste	0
green beans	74742
green bell pepper	798
Green bell peppers	171
Green Chartreuse	2
green chili	52
Green chili paste	1
green chili peppers	4
Green chili sauce	3
Green chilies	30
Green chillies	3
Green chutney	1
Green curry paste	3
Green food coloring	72
Green gram	8
green gram beans	1
Green Gram Benedict	0
Green Gram Biriyani	0
Green Gram Bisque	0
Green Gram Braise	0
Green Gram Bread	0
Green Gram Bun	0
Green Gram Burger	0
Green Gram Burrito	0
Green Gram Butter	0
Green Gram Cake	0
Green Gram Candy	0
Green Gram Carpaccio	0
Green Gram Casserole	0
Green Gram Ceviche	0
Green Gram Cheese	0
Green Gram Chips	0
Green Gram Chowder	0
Green Gram Cobbler	0
Green Gram Cookie	0
Green Gram Couscous	0
Green Gram Crepe	0
Green Gram Crisp	0
Green Gram Croquette	0
Green Gram Crumble	0
Green Gram Curry	0
Green Gram Custard	0
Green Gram Cutlet	0
Green Gram Dip	0
Green Gram Dog	0
Green Gram Dumpling	0
Green Gram Egg Roll	0
Green Gram Empanada	0
Green Gram Enchilada	0
Green Gram Essence	0
Green Gram Extract	0
Green Gram Flan	0
Green Gram Flour	0
Green Gram Fondue	0
Green Gram Fries	0
Green Gram Frittata	0
Green Gram Gnocchi	0
Green Gram Gratin	0
Green Gram Grits	0
Green Gram Guacamole	0
Green Gram Gumbo	0
Green Gram Hash Browns	0
Green Gram Hot Dog	0
Green Gram Hummus	0
Green Gram Husk	0
Green Gram Ice Cream	0
Green Gram Jam	0
Green Gram Jelly	0
Green Gram Jerky	0
Green Gram Juice	0
Green Gram Katsu	0
Green Gram Kebab	0
Green Gram Lasagna	0
Green Gram Leaf	0
Green Gram Meatball	0
Green Gram Mousse	0
Green Gram Muffin	0
Green Gram Noodle	0
Green Gram Oil	0
Green Gram Omelette	0
Green Gram Paella	0
Green Gram Pancake	0
Green Gram Parfait	0
Green Gram Pasta	0
Green Gram Paste	0
Green Gram Pate	0
Green Gram Pie	0
Green Gram Pierogi	0
Green Gram Pilaf	0
Green Gram Pizza	0
Green Gram Polenta	0
Green Gram Popsicle	0
Green Gram Porridge	0
Green Gram Pudding	0
Green Gram Puree	0
Green Gram Quesadilla	0
Green Gram Quiche	0
Green Gram Ravioli	0
Green Gram Rice	0
Green Gram Rings	0
Green Gram Risotto	0
Green Gram Roll	0
Green Gram Root	0
Green Gram Roulade	0
Green Gram Salad	0
Green Gram Salsa	0
Green Gram Samosa	0
Green Gram Sandwich	0
Green Gram Sashimi	0
Green Gram Sauce	0
Green Gram Sausage	0
Green Gram Saute	0
Green Gram Schnitzel	0
Green Gram Scramble	0
Green Gram Seed	0
Green Gram Skewer	0
Green Gram Skin	0
Green Gram Slaw	0
Green Gram Slider	0
Green Gram Sorbet	0
Green Gram Souffle	0
Green Gram Soup	0
Green Gram Spread	0
Green Gram Spring Roll	0
Green Gram Sprout	0
Green Gram Stalk	0
Green Gram Stew	0
Green Gram Stir Fry	0
Green Gram Stock	0
Green Gram Sushi	0
Green Gram Syrup	0
Green Gram Taco	0
Green Gram Tamale	0
Green Gram Tart	0
Green Gram Tartare	0
Green Gram Tater Tots	0
Green Gram Tempura	0
Green Gram Terrine	0
Green Gram Tortellini	0
Green Gram Trifle	0
Green Gram Waffle	0
Green Gram Water	0
Green Gram Wedges	0
Green Gram Wrap	0
Green Gram Yogurt	0
Green Lentil	32
Green mango	10
Green mangoes	0
Green olives	396
green onion	649
Green onion oil	1
green onions	1864
Green or red salsa	0
Green papaya	9
Green Pea	3753
Green peas	13187
green pepper	3147
green peppercorns	0
green peppers	5406
Green plantains	6
Green Plum	6
Green rice flour jelly	0
Green seasoning	2
Green sticky rice	0
Green tea	40439
Green Tea Flavor Oil	0
Green tea leaves	2237
Green tea powder	37
Green Tomato	21
Green tomatoes	111
Green wheat	5
Greens	73258
Greens (such as collard greens or kale)	0
Gremolata	1
Grilled chicken	25004
Grilled hot dog	21
Grilled meat (such as chicken, pork, or seafood)	0
Grilled onions	135
Grilled or fried fish or meat	0
Grilled pork	1256
Grilled pork chop	124
Grits	9385
Groat (grain)	0
Ground allspice	3
Ground almonds	26
Ground bacon	1
Ground beef	15867
Ground beef or lamb	5
Ground beef or pork	144
Ground biscuit	0
Ground black pepper	565
Ground cardamom	14
Ground chicken	1309
Ground cinnamon	252
Ground cloves	20
Ground coriander	3
Ground crayfish	1
Ground cumin	459
Ground fenugreek	1
Ground fish	9
Ground ginger	43
Ground hazelnuts	49
Ground lamb	85
Ground lamb or beef	1
Ground marigold	0
Ground meat	3958
Ground meat (beef or chicken)	0
Ground meat (beef, pork, or chicken)	0
Ground meat (usually lamb or beef)	0
Ground meat (usually pork or beef)	0
Ground nutmeg	11
Ground nuts or breadcrumbs	0
Ground peanuts	570
Ground pepper	161
Ground pistachios	2
Ground pork	243
Ground sesame seeds	10
Ground spices (such as turmeric, cumin, coriander)	0
Ground sumac	2
ground toasted rice	0
Ground veal	6
Ground walnuts	913
Groundnut	8
Groundnut flour	0
Groundnut oil	2
Groundnut paste	0
Groundnuts	10
Grouper	1632
Gruyere cheese	372
Gruyère cheese	0
Guacamole	9384
Guajillo chili sauce	0
Guajillo chilies	0
Guanciale	4
Guanciale or Pancetta	0
Guandú	0
Guar gum	14112
Guascas	0
Guava	7217
Guava paste	1
Guava pulp	0
Guavas	69
Guisquil	0
Gula Melaka	0
Gula Melaka (palm sugar)	0
Gulai	0
Gulai Babek	0
Gulai Cubadak	0
Gulai Itiak Lado Mudo	0
Gulai Kikil	0
Gulai Limpo	0
Gulai Otak	0
Gulai Tunjang	0
Gulaman	0
Gulkand essence	0
Gum Arabic	134
Gum base	34
Gummy worms	333
Habanero pepper	21
Habanero peppers	20
Haggis	15
Halloumi	12
Halloumi cheese	6
ham	105132
Ham hock	43
Ham hocks	213
hamburger	37610
Hamburger bun	1177
Hamburger buns	587
Hamburger patty	1270
Hard bread	988
Hard cheese	7564
Hard taco shells	25
Hard-boiled egg	7613
hard-boiled eggs	6612
Harina de trigo	0
Harissa	29
Hash brown	1604
hash browns	5919
Hasma	3
Haw	1049
Hawaiian salt	2
Hazelnuts	12022
Hazelnuts (13%)	1
heart	2255135
Heath bar pieces	0
heavy cream	5002
Hemp seed	363
Hemp seeds	2139
herbs	124415
Herbs (optional)	2
Herbs (such as basil or oregano)	0
Herbs (such as basil, oregano, and thyme)	0
Herbs (such as basil, oregano, thyme)	0
Herbs (such as basil, oregano)	0
Herbs (such as cilantro, parsley)	0
Herbs (such as parsley or basil)	0
Herbs (such as parsley, thyme, bay leaves)	0
Herbs (such as thyme and parsley)	0
Herbs (such as thyme or rosemary)	0
Herbs (such as thyme, rosemary)	0
Herbs and spices	8169
Herbs de Provence	3
Hero roll	0
Herring	38479
Herring fillets	1
Hershey's Kisses	196
Hibiscus flowers	10
hicken thighs	1
Hickory nuts	218
High fructose corn syrup	22932
High oleic safflower oil	10
Hilsa fish	0
Hing	6064
Hing (asafoetida)	2
Hoagie roll	15
Hoagie rolls	1
Hog Plum	0
Hogao	0
hoisin sauce	658
Hollandaise sauce	686
Home fries	144
Hominy	114
honey	188767
Honeycomb	6258
Hong Kong-style milk tea	0
Horse gram	1
Horse meat	4
Horseradish	6890
Hot cherry peppers	0
Hot chocolate	8120
Hot dog	13044
Hot dog bun	335
Hot dog sausage	67
hot dogs	56963
hot pepper	631
Hot peppers	945
hot sauce	9567
Hot stones	41
Hot water	159320
hotdog	3495
Huacatay	0
Huacatay leaves	0
Huevo	360
Hulba	0
Humectant (glycerol)	0
Hummus	41308
Hungarian wax peppers	0
husked wheat	0
Hwachae	1
Hydrogenated Palm Kernel Oil	4
Hydrogenated Palm Oil	12
Hydrolyzed plant protein	8
Hydrolyzed protein	518
Hydrolyzed soy protein	24
Hydrolyzed vegetable protein	32
Ice	800148
Ice (optional)	12
Ice cream	167570
Ice cubes	15336
Ice water	29318
Ice, sugar, flavoring syrup	0
Icing sugar	18
Imitation crab meat	126
Imitation shark fin noodles	0
Injera	22
Instant chocolate pudding mix	0
Instant coffee	3972
Instant coffee powder	24
Instant noodles	290
Instant pistachio pudding mix	0
instant ramen noodles	27
Instant yeast	5
Intestines	83006
Invert sugar syrup	2
Invert Syrup	3
Invertase	51
Irish potatoes	2
Iron	779858
Israeli couscous	4
Israeli salad	10
Italian bread	1500
Italian herbs (such as oregano, basil, parsley)	0
Italian sausage	959
Italian seasoning	1297
jackfruit	212
Jaecheop	0
Jaggery	16
Jalapeno	3940
Jalapeño	24
Jalapeno peppers	2856
Jalapeño peppers	6
Jalapenos	564
jalapeños	14
jam	36019
Jam (fig, apricot, or raspberry)	0
Jam or Custard for filling	0
Jam or fruit	18
Jambu leaves	0
Jamón	64
Jansson's temptation	0
Japanese mayonnaise	0
Japanese peanuts	0
Jasmine rice	458
Java sugar	1
Jello	205829
Jelly	272176
Jelly crystals	1
Jelly cubes	1
Jicama	2431
Jindallae petals	0
Jinhua ham	0
Jiucai	0
Job's tears	10
Jowar flour	0
Jujube	238
Jujube (red date)	0
Jujube (red dates)	0
Jujube dates	2
Jujubes	5
Juniper berries	35
Kaalan	1
Kadayif dough	0
Kadayıf dough	0
Kadyos	0
Kaese	3
Kaffir lime leaf	1
kaffir lime leaves	1
kaffir lime zest	0
Kajmak	0
Kaki furai	0
Kalabasa	0
Kalamata olives	84
kale	62742
Kamaboko	2
Kampot pepper	0
Kangkong (water spinach)	0
Kangkong leaves	0
Kangkung	0
Kansui (alkaline mineral water)	0
Kaong	0
Kaong sap	0
Kashk	43
Kashk-e Bademjan	0
Kashk-e Zard	0
Kashkaval	0
Kashmiri red chili	0
Kasseri cheese	0
Kasuri methi	0
Katsuobushi	1
Kecap manis	0
Kecap manis (sweet soy sauce)	0
Kefir grains	8
Keftedes	0
Kelp	14095
Kencur	1
Kerisik (toasted coconut)	0
ketchup	21990
Key lime juice	4
Khoya	0
Khubeza	0
Kibbeh	37
Kibbeh Nayyeh	1
Kibe	15
Kichadi	1
Kidney	1420234
kidney beans	29158
Kidneys	596489
kielbasa sausage	63
Kikurage mushrooms	0
kimchi	2031
Kinako	8
Kinako (roasted soybean flour)	0
Kipper	73
Kirsch	31803
Kithul treacle	0
Kiwi	33988
Kiwi fruit	5901
Kiwi onion dip	0
Kısır	0
Kluwek	0
Kofta	22
Koi fish	26
Koji	527
Koji (fermented rice)	0
Kokotxas	0
Kokum	2
Kombu	69
Konjac	81
Konjac flour	3
Konjac noodles	10
Konjac yam	1
Konnyaku	11
Konnyaku noodles	2
Korean chili flakes	1
Korean chili paste	3
Korean chili pepper	0
Korean pear	1
Korean radish	1
Korean red chili paste	0
Korean red chili powder	0
Kroeung	0
Kroeung (lemongrass, turmeric, garlic, shallots, galangal, kaffir lime zest)	0
Kudzu powder	0
Kudzu starch	0
Kuhol snails	0
Kumara	35
Kummelweck roll	0
Kuromitsu (brown sugar syrup)	0
Kusa (winter melon)	0
Kvass	6
Kwetiau noodles	0
L-carnitine	181095
L-cystine	114
L-tyrosine	650
Labneh	111
Lactic acid	72841
Lactic acid bacteria	39
Lactic Acid Starter Culture	27
Lactic ferments	0
Lactose	150234
Lady's finger	2
Ladyfingers	7
Lagane	0
Laksa leaves	0
lamb	52316
Lamb casing	0
Lamb fat	38
Lamb feet	0
Lamb heart	2
Lamb intestines	0
Lamb kidney	24
Lamb liver	29
Lamb lung	0
Lamb meat	70
Lamb offal	0
Lamb or beef	63
Lamb or chicken	70
Lamb or mutton	0
Lamb seekh kebab	0
Lamb shank	69
Lamb tail fat	0
Lamb tripe	0
Langka	0
Langka (jackfruit)	0
lard	9536
Lardons	1
Large sausages	4
Lasagna noodles	42
Latik	2
Leavening (Ammonium Bicarbonate, Baking Soda)	0
Leavening agent	87
Leavening agents	1576
Lebkuchen	3
Lebkuchengewürz	0
Lebkuchengewürz (gingerbread spice mix)	0
Lechazo	0
Leche flan	0
Lecithin	7124
Leek	1352
leeks	11247
Lemon	239237
lemon juice	27895
Lemon juice or vinegar	36
Lemon juice powder	4
Lemon or calamansi juice	0
lemon peel	2110
Lemon slices	345
Lemon wedges	453
lemon zest	3135
lemongrass	237
lemons	22133
Lentil soup	3654
Lentils	102197
lettuce	81089
lettuce leaves	212
Licor 43	1
Licorice	187619
Licorice root extract	178
Light brown sugar	32
Light corn syrup	13
light soy sauce	30
Lily buds	0
Lily bulb	2
Lily bulbs	1
Lima beans	31099
lime	155343
lime juice	4447
Lime leaves	3
Lime or lemon juice	31
Lime or lye	1
Lime slices	130
Limu kohu	0
Linga (sesame seeds)	0
Lingonberries	3
Lingonberry jam	1
Linguica	1
Linguica sausage	0
Liqueur	341
Liquor	365463
Liquorice extract	8
Liquorice root extract	1
Live active cultures	968
Live octopus	2
liver	1409701
Liver pate	53
Liver pâté	1
Liver spread	32
Liver, bread crumbs, onions, eggs, parsley, salt, pepper	0
Lobster	13785
Lobster meat	14
Lobster tomalley	0
Locust bean gum	51
Lokshen	0
Lollipop sticks	0
Long bean	7
Long beans	993
Long green beans	4
Long green peppers	0
Longan	30
Lontong sauce	0
Lotus leaf	11
lotus leaves	2
Lotus root	25
Lotus Seed	10
Lotus seed paste	0
Lotus seeds	9
Lotus stem	0
Louie dressing	0
Low-fat cocoa powder	0
Lūʻau leaves	0
Lukewarm water	148355
Lumpia wrapper	0
Lumpia wrappers	0
Luncheon Meat	829
lungs	1818490
Luosifen broth	0
Lychee	3762
Lye	3257
Lye water	1
M&M's	2549
Macapuno	0
Macaroni	45583
Macaroni and cheese	30500
Macaroni salad	1019
Maccheroni	0
Mace	7243
Machas	2
Mache	217
Madeira sauce	0
Madeira wine	0
Maggi cube	1
Maggi cubes	0
Magnesium chloride	4797
Magnesium Hydroxide	75650
Magnesium Stearate	789
Mahlab	3
Mahleb	0
Mahlepi	0
Maida	162
Maitake mushrooms	43
Maize	173471
Maize flour	4
Maize meal	1
Makrut lime leaves	0
Malabar tamarind	1
Maldive fish	0
Malewa	0
Malic acid	701
Mallow	355
malt	8528
Malt biscuits	0
Malt extract	184
Malt Extract (from Barley)	0
Malt Flavoring	38
Malt flour	1
Malted barley	167
Malted barley extract	0
Maltesers	0
Maltodextrin	662
Maltose	1073
malunggay leaves	0
Mắm (fermented fish sauce)	0
Mandarin oranges	12845
Mandarin roll	0
Mandioca	0
Mandioquinha	0
Mandu	10
Mango	25404
Mango chutney	10
Mango pulp	19
Mango syrup	3
Mangoes	7771
Manok	0
Mantoo wrappers	0
Maple sap	20
Maple syrup	44840
Maraca pie	0
Maraschino cherries	105
Maraschino cherry	30
Maraschino liqueur	0
Mare's milk	15
Margarine	53845
Maria biscuits	1
Marinade (soy sauce, vinegar, garlic, pepper)	0
Marinara sauce	17856
Marinated mushrooms	10
Marinated vegetables	142
Marjoram	247
Marmalade	1884
Marmot meat	0
Marrow (vegetable)	0
Mars bar	7
Marsala wine	4
Marshmallow	4486
Marshmallow Creme	10
Marshmallow fluff	73
marshmallows	2109
Marzipan	109
Masa dough	0
Masa harina	3
masala steak	0
Mascarpone cheese	11
Mashed bananas	1244
Mashed potatoes	60718
Masoor dal	1
Massaman curry paste	0
Mastic	545
Mastiha	0
Matcha powder	44
Mató cheese	0
Matzah	160
Matzah meal	0
Matzo	216
Matzo meal	4
Mayo	344163
mayonnaise	40735
McFlurry mix-in flavor	0
meat	346587
Meat (beef, chicken, or fish)	6
Meat (beef, chicken, or goat)	0
Meat (beef, lamb, or chicken)	0
Meat (beef, pork, or chicken)	9
Meat (chicken, beef, or pork)	451
Meat (chicken, beef, pork, shrimp)	2
Meat (chicken, lamb, or goat)	0
Meat (chicken, pork, or seafood)	0
Meat (chicken, shrimp, or beef)	0
Meat (goat, beef, or chicken)	0
Meat (optional)	0
Meat (pork, beef, or chicken)	5
Meat (such as beef, chicken, or pork)	1
Meat (such as chicken, beef, or pork)	1
Meat (such as pork or chicken)	5
Meat (such as thinly sliced beef, lamb, or pork)	0
Meat (typically beef or pork)	0
Meat (typically pork or lamb)	0
Meat (usually beef or chicken)	2
Meat (usually beef or goat)	0
Meat (usually beef or pork)	1
Meat (usually breaded and fried beef or pork)	0
Meat (usually chicken or beef)	5
Meat (usually chicken or fish)	9
Meat (usually chicken, beef, or mutton)	0
Meat (usually chicken, pork, or beef)	0
Meat (usually goat or chicken)	0
Meat (usually goat or lamb)	0
Meat (usually goat, cow, or chicken)	0
Meat (usually lamb or beef)	0
Meat (usually lamb or chicken)	0
meat (usually pork or beef)	0
Meat (usually pork or chicken)	2
Meat (usually pork)	6
Meat (usually sausage or burger patty)	0
Meat (usually Tapa, Longganisa, or Tocino)	0
Meat curry	36
Meat dishes	303
Meat filling	14
Meat or Vegetables	5853
Meatballs	7430
Mechanically separated chicken, water, salt, corn syrup, dextrose, sodium nitrite.	0
Medium chain triglycerides	697
Mel	26699
Melinjo	0
Melinjo nuts	0
Melloco	0
Melon	35504
Melon essence	0
Melon seeds	12
melted cheese	1902
Membrillo	5
Menma	1
meringue	299
Methi (fenugreek)	1
Mie	1084
Mie noodles	0
Mielie meal	0
Milcaos	0
milk	888358
Milk chocolate	4946
Milk chocolate (sugar, cocoa butter, chocolate, skim milk, milk fat, lactose, soy lecithin, artificial flavor), sugar, enriched wheat flour (wheat flour, niacin, reduced iron, thiamine mononitrate, riboflavin, folic acid), palm oil, partially hydrogenated palm kernel oil, cocoa processed with alkali, invert sugar, whey, corn syrup, corn flour, leavening (baking soda, monocalcium phosphate), soy lecithin, salt, artificial flavor.	0
Milk chocolate (sugar, cocoa butter, milk, cocoa mass, emulsifier (soya lecithin), salt, natural flavoring (vanilla))	0
Milk chocolate contains milk solids 14% minimum	0
Milk chocolate contains vegetable fats in addition to cocoa butter	0
Milk fat	7731
Milk powder	5208
Milk protein	17158
Milk Protein Concentrate	41
Milk solids	2548
Milkfat	95
Milkfish	3
Millet	15847
Millet flour	45
Minced beef	78
Minced garlic	118
Minced meat	187
Minced pork	6
Mincemeat	45
Mineral Salt (508)	0
Mini chocolate chips	227
Mini graham crackers	7
Mini marshmallows	85
mint	36451
Mint Chutney	2
Mint extract	33
mint leaves	77
Mint-coriander chutney	0
Mirabelles	3
Mirepoix (carrots, onions, celery)	0
mirin	19
Misal masala	0
Miso	12470
Miso paste	90
Miso soup	830
Miso-based broth	0
Misua	0
Mitsuba leaves	0
Mixed berries	4286
Mixed dried fruit	50
Mixed dried fruits	0
Mixed greens	1484
Mixed peel	0
mixed spice	1
Mixed spices	11
Mixed Sprouts	0
Mixed summer berries	0
Mixed vegetables	5079
Miyeok (seaweed)	0
Mizuna	5
Mochi	167
Mochi (rice cake)	0
Modified corn starch	48
Modified Food Starch	726
Modified Maize Starch	1
Modified Potato Starch	3
Modified starch	19
Molasses	24290
Molokhia leaves	1
Monamon fish	0
Monkfish liver	0
Mono and diglycerides	53
Monocalcium phosphate	49
Monoglycerides	23
Monosodium glutamate	11659
Moong dal	9
Morcilla	0
Morcilla (blood sausage)	0
Mornay sauce	1
Morning glory	320
Mortadella	107
Mozzarella	41761
Mozzarella cheese	33664
MSG	251740
Muhammara	1
Mulato Chilies	0
Mullet roe	0
Mulukhiyah	3
Mung bean	306
mung bean noodles	5
Mung bean paste	0
Mung bean starch	2
Mung beans	133
Murta	5
Muscovado sugar	0
Mushroom	16585
Mushroom duxelles	0
Mushrooms	63219
mussels	2458
mustard	59435
Mustard greens	23693
Mustard oil	90
Mustard paste	12
Mustard powder	22
Mustard seed	468
Mustard seeds	72
Mutton	519
Naan	1388
Naga King Chili	0
Napa cabbage	57
Nata de coco	0
Nata starter	0
Nata starter culture	0
Natural and artificial flavor	39
Natural and artificial flavorings	2
Natural and artificial flavors	58
Natural casing	0
Natural Colors	6
Natural colour	1
Natural Colour (Caramel III)	0
Natural Colours	1
Natural flavor	284
Natural flavoring	220
natural flavoring (vanilla)	0
Natural flavorings	60
Natural flavors	520
Natural flavour	2
Natural flavourings	4
Natural gut casing	0
Natural lemon flavoring	0
Natural orange flavoring	0
Natural vanilla extract	3
Natural vanilla flavor	19
natural vanilla flavoring	0
Navy beans	3671
Neon green sweet pickle relish	0
Nettle leaves	32
Niacin	40559
Niacinamide	5827
Nigella seeds	4
Nipa palm sap	0
Niter kibbeh	0
Nitrite curing salt	0
Nitrites	108504
Nonfat dry milk	19848
Nonfat milk	1079
noodles	82923
Noodles (such as udon or shirataki)	0
Nopalitos	0
Nori	767
Nori (seaweed)	21
Nori seaweed	21
Nougat	206
Nuoc cham dressing	0
Nut butter	8939
nutmeg	5164
Nutmeg powder	1
Nutrients	109433
Nutritional yeast	1082
nuts	319174
Nuts (such as almonds and walnuts)	82
Nuts (such as almonds, hazelnuts, or pistachios)	0
Nuts (such as almonds, walnuts, or pistachios)	1
Nuts (typically walnuts or pistachios)	0
oatmeal	147465
Oats	73779
Oaxacan cheese	0
Oaxacan tortilla	0
Octopus	1331
Offal	21
Ogbono seeds	0
Oha leaves	0
oil	627312
Oil (for frying)	41
Oil and vinegar dressing	280
Oil for frying	41
Oil of lemon	1313
Oio fish	0
Okazi leaves	0
Okonomiyaki sauce	0
Okra	31596
Olan	571
Old Bay seasoning	46
Óleo	0
Oleoresin of Paprika	2
Olive	113247
olive oil	86523
Olive salad	18
olives	33304
Omelette	5623
Omija berries	0
Oncom	36
onion	69236
Onion flakes	15
Onion powder	2727
Onion rings	2043
Onion soup mix	63
onions	61525
Optional herbs or spices	0
Optional seasonings (such as garlic, ginger, chili flakes)	0
Optional seasonings (such as paprika, garlic powder, or herbs)	0
Optional toppings	3
Optional toppings (lettuce, tomato, onion, cheese, pickles, condiments)	0
Orange	383603
Orange blossom water	1
Orange flower water	0
Orange fondant	0
Orange food coloring	26
orange juice	162906
Orange peel	2223
Orange slices	736
orange zest	19
Oranges	83728
Orecchiette	1
oregano	6915
Orégano	1
Oreo cookie pieces	3
Oreos	3473
Orzo	438
Orzo pasta	56
Osmanthus flowers	0
Other greens	208
Other seasonings	432
Other toppings of choice	0
Ovo	2599
Ox tongue	3
Oxtail	46
Oxtails	25
oyster sauce	110
Oysters	11012
Paccheri	0
Pachadi	0
Pakoras	7
Palm fat	1
Palm hearts	5
Palm kernel oil	4420
Palm nut cream	0
Palm nut extract	0
Palm oil	11973
Palm sap	0
palm sugar	21
Palm sugar syrup	0
Palm wine	2
Pan con Tomate	0
Pancake mix	942
Pancetta	25
Pancit choca	0
Pancit estacion	0
Pandan	4
Pandan essence	0
Pandan extract	0
Pandan leaf	0
pandan leaves	0
Pandanus leaves	0
Pane ticinese	0
Paneer	311
Panko breadcrumbs	12
Papad	6
Papadum	6
Papadums	2
Papalo herb	0
Papaya	18557
Papri	5
paprika	1132
Paratha	38
parchment paper	229
Parippu	0
Parmesan	30745
Parmesan cheese	23501
parsley	14645
Parsley root	14
Parsnip	5965
Parsnips	8783
Partially Hydrogenated Soybean Oil	10
Partridgeberries	0
Passion Fruit	4174
Passion fruit pulp	0
Pasta	190961
Pasta (such as penne or ziti)	0
Pasta noodles	1272
Pasteurised Egg Yolk	0
Pastina	17
Pastrami	516
Pastrma	0
pastry	2989
Pastry cream	4
Pastry crust	7
Pastry dough	4
Pastry shell	1
Patatas Bravas	0
pate	19465
Pâté	6
Patis (fish sauce)	0
Pav	1610
Pav (bread rolls)	0
Pav bhaji masala	0
Payasam	1
Peach	48029
Peach blossoms	0
Peach cobbler	238
Peaches	57917
Peanut	195911
Peanut butter	154958
Peanut cake	5
Peanut oil	5538
Peanut powder	19765
Peanut sauce	284
peanuts	105971
Pear	50114
Pearl barley	11
Pearl onions	14
Pearl sugar	0
Pears	40292
Peas	136449
pecans	19175
Pecorino cheese	9
Pecorino Romano	5
Pecorino Romano cheese	2
Pectin	3956
Penne	1371
Pennywort	0
Peperone di Senise	0
Peperoni cruschi	0
pepper	53478
peppercorns	181
Peppermint extract	562
Peppermint oil	10250
Pepperoncini peppers	4
Pepperoni	17377
Pepperoni (optional)	0
peppers	58914
peri-peri sauce	0
Perilla	244
perilla leaves	0
Perilla seeds	2
Periwinkle	151
Pernod	3
Persimmons	698
Pesto	2712
Petai	0
Phanaeng curry paste	0
Pheasant	2550
Phyllo dough	22
Pickle	16239
pickle relish	264
Pickle spear	68
Pickled bamboo shoots	0
pickled carrots	20
Pickled chilies	0
Pickled cucumbers	23
Pickled daikon	3
pickled ginger	35
Pickled green beans	6
Pickled herring	535
Pickled mustard greens	0
Pickled onions	31
Pickled pork rinds	0
Pickled radish	10
Pickled vegetables	240
pickles	22020
Pickling spices	1
Pico de gallo	266
Pie	27170
pie crust	1461
Pig blood	4
Pig fallopian tubes	0
Pig's blood	3
Pig's brain	1
Pig's ears	0
Pig's face	2
Pig's intestines	0
Pig's liver	0
pig's skin	0
Pigeon	19579
Pigeon peas	282
Pilchards	6
Pili nuts	3
Piloncillo	0
Piloncillo (unrefined whole cane sugar)	0
Pimento berries	0
Pimento peppers	1
Pimentos	14
Pimienta	41
Pimientos de Padrón	0
pine nuts	8912
Pineapple	54404
Pineapple chunks	147
Pineapple filling	1
pineapple juice	4759
Pineapple Juice from Concentrate (10%)	0
Pineapple slices	49
pineapple tidbits	140
Pinipig	0
Pink food coloring	1
Pink icing	11
Pink peppercorn	8
Pista	14
Pistachio	16641
Pistachio ice cream	54
Pistachio pudding mix	2
Pistachios	18219
Pistachios or walnuts	27
Pita bread	24678
Pizza dough	381
Pizza Rossini	0
Pizza sauce	1125
Placenta	118195
Plain flour	7
Plantain	9162
Plantain curry	3
plantains	675
Plum	32447
Plum jam	5
Plums	16918
Poached eggs	923
Poblano peppers	27
Pointed Gourd	2
Polish sausage	577
polony	1
Pomegranate juice	1283
Pomegranate molasses	2
Pomegranate paste	1
Pomegranate seeds	168
pomelo	601
Popcorn	218583
Popcorn kernels	202
Poppy seed	6474
Poppy seed bun	2
Poppy seeds	622
pork	89186
Pork al pastor	1
pork belly	77
pork blood	5
Pork blood cubes	0
Pork bone broth	3
Pork bones	15
Pork brain	1
Pork butt	33
Pork casing	3
Pork casings	1
Pork cheeks	0
Pork chop	5643
Pork chops	8778
Pork crackle	0
Pork crackles	0
Pork cracklin	0
Pork crackling	0
Pork cracklings	3
Pork cracklins	0
Pork cutlet	42
Pork cutlets	30
Pork ears	0
Pork fat	47
Pork feet	4
Pork flank	1
Pork floss	0
Pork Gelatine	1
Pork ham	2890
Pork head	1
Pork heart	2
Pork hock	1
Pork hocks	4
Pork intestine	2
pork intestines	11
Pork jowl	1
Pork jowls	0
Pork kidney	6
Pork kidneys	0
Pork knuckles	1
Pork lard	6
Pork leg	3
Pork liver	46
Pork loin	3149
Pork lungs	1
pork meat	141
Pork meat (such as pork shoulder, ribs, and sausage)	0
Pork neck	13
Pork neck bones	9
Pork offal	0
Pork organs	0
Pork ribs	383
Pork rind	54
Pork rinds	977
Pork sausage	764
Pork sausage meat	1
Pork sausages	52
Pork shank	5
Pork shoulder	756
Pork sirloin	44
Pork skin	33
Pork slices	3
Pork snout	0
Pork snouts	0
Pork tail	0
Pork tenderloin	3486
Pork tongue	1
Pork tripe	0
Pork trotters	0
Port wine	4678
Portuguese sausage	1
Potassium carbonate	112
Potassium chloride	236946
Potassium citrate	7599
Potassium iodide	1657
Potassium nitrate	82
Potassium phosphate	13437
Potassium sorbate	210
potato	124909
Potato chips	43633
Potato flakes	70
Potato flour	1324
Potato starch	558
potatoes	171645
Powdered milk	3222
powdered sugar	379
Powdered sugar for dusting	0
Prahok	0
Prawn	59
Prawn fritters	0
Prawns	182
Preservative (E250)	0
Preservative (potassium sorbate)	2
Preservatives	29252
Preserved lemon	1
Preserved radish	0
Pretzels	46713
Prosciutto	184
Protein (chicken, beef, shrimp, tofu)	0
Protein (chicken, shrimp, or tofu)	0
Protein (e.g. chicken, beef, tofu)	0
Protein (meat, fish, eggs, etc.)	2
Protein (such as chicken, beef, or tofu)	0
Protein (such as chicken, beef, pork, shrimp, or tofu)	0
Protein (such as chicken, beef, shrimp, or tofu)	0
Protein (such as chicken, beef, shrimp, tofu)	0
Protein (such as chicken, beef, tofu)	0
Protein (such as chicken, fish, or lentils)	0
Protein (such as chicken, pork, or shrimp)	0
Protein (such as chicken, shrimp, or tofu)	0
Protein powder	21238
Provel cheese	0
provolone cheese	558
prunes	55580
puff pastry	50
Puff pastry dough	0
Puff pastry sheets	0
Puffed rice	1227
Puha	0
Pulisseri	0
Pulses	1380771
Pulverized grains	0
Pumpkin	32169
pumpkin pie	3475
Pumpkin pie spice	1841
Pumpkin preserve	0
Pumpkin puree	155
Pumpkin seeds	10325
Punsch liqueur	0
Puri	1858
Puris	4
Purple cabbage	91
Purple food coloring	409
Purple yam	4
Pyridoxine hydrochloride	350
Quail eggs	38
Quark	78
Queso blanco	3822
Queso duro	2
Queso fresco	3856
Queso fresco (fresh cheese)	0
Quetsche plums	0
Quetschentaart	0
Quicklime	3
Quince	351
Quince, sugar, water, lemon juice, cloves, cinnamon	0
Quinces	4
Quinoa	28971
Rabbit	14523
Radiatori	1
Radicchio	1052
radish	1914
Radish concentrate	0
Radish leaves	1
Radishes	9989
Ragi flour	2
Raising agents	16
Raising agents (ammonium bicarbonate, sodium bicarbonate)	0
Raising Agents (Sodium Bicarbonate, Ammonium Bicarbonate)	0
raisins	49301
Ramen noodles	6348
Rampe	16
Ranch dressing	8564
Rapeseed oil	46
Ras el hanout	2
Rasam	5
Rasam powder	0
raspberries	37160
Raspberry Flavored Apple Jam	0
Raspberry jam	171
Raspberry sauce	13
Raspberry sorbet	75
Rava	103
Rava (semolina)	0
Ravioli	6005
Raw Banana	130
Raw egg yolk	18
Raw fish	4078
Raw fish (such as tuna or salmon)	0
Raw mango	30
Raw mangoes	5
Raw papaya	0
Raw plantain	0
Raw plantains	1
Raw rice	42
Reblochon cheese	0
Recao	0
Red 3	4231
Red 40	526
Red 40 Lake	35
Red ants	276
Red BBQ pork	0
Red bean paste	39
Red beans	3701
Red bell pepper	1542
Red bell peppers	381
Red cabbage	664
Red cabbage slaw	1
Red candy sprinkles	0
Red chili	96
Red chili flakes	5
Red chili paste	2
Red chili pepper	5
Red chili pepper flakes	0
Red chili pepper paste	0
Red chili pepper powder	0
red chili peppers	9
Red chili powder	11
Red chili sauce	1
Red chilies	9
Red chillies	2
Red cowpeas	0
Red currant jelly	37
Red currants	10
Red curry paste	3
red dates	7
red food coloring	1512
Red kidney beans	454
Red leaves of the sorghum plant	0
Red lentils	127
Red onion	837
Red onions	310
Red palm oil	7
Red peaches	1
red pepper	3586
red pepper flakes	127
Red pepper paste	7
Red pepper powder	4
Red peppers	1939
Red salsa	7
Red sauce	3852
Red snapper	109
Red syrup	18
Red wine	35700
Red wine vinaigrette dressing	5
Red wine vinegar	351
Redcurrants	0
Reduced iron	1098
refried beans	5039
reindeer meat	0
Relish	9785
Remoulade	3
Remoulade sauce	2
Rendang	0
Rendered fat	1
Rennet	111
Rfissa dough	0
Rhizopus oligosporus	0
Rhubarb	29352
Riboflavin	25057
Riboflavin (B2)	1168
Ribs	262162
rice	382957
Rice bubbles	0
Rice cake	2493
Rice cakes	3646
Rice cereal	60592
Rice crackers	2742
Rice crispies	571
Rice flour	1183
Rice husk	64
Rice Krispies	6229
Rice Krispies cereal	161
Rice noodle rolls	0
Rice noodles	3770
Rice or barley	31
Rice or orzo pasta	0
Rice paddy herb	0
rice paper	48
Rice paper wrappers	0
Rice syrup	194
Rice vermicelli	6
Rice vermicelli noodles	1
Rice vinegar	109
Rice wine	136
Ricotta	31782
Ricotta cheese	29668
Ricotta Salata	0
Rigatoni	125
Ripe banana	1841
Ripe bananas	1406
Ripe mango	18
Ripe plantains	1
Ritz crackers	3229
River reed	0
roast beef	8373
Roast pork	241
Roasted	28709
Roasted barley flour	0
Roasted chana dal	0
Roasted cumin powder	1
Roasted grains	2
Roasted green chilies	0
Roasted green pepper	0
roasted peanuts	527
Roasted red peppers	390
Roasted rice flakes	0
Roasted sesame seeds	3
Roasted sunflower seeds	13
rock sugar	6
Rocket leaves	1
Roll	397379
Rolled oats	1310
Romaine lettuce	6069
Romano cheese	54
Root vegetables	686
Rose hips	1551
Rose petals	31
Rose syrup	3
Rose water	128
Roselle	3747
Roselle petals	0
Rosemary	19906
Rosewater	57
Rotelle	10
Roti	636
Roti skin	0
Round steak	70
Roux	29179
Rub	825234
Ruby chocolate	0
Rum	8761
Rươi worms	0
Rusk	505
Russian dressing	160
Rutabaga	8454
Rye bread	4837
Rye dough	0
Rye flour	148
Rye malt	270
Saba banana	1
Saba bananas	0
Sable	10601
Sabudana	1
Safflower concentrate	0
Saffron	1364
Saffron strands	0
Saffron threads	0
Saganaki	24
sage	25736
Sage leaves	9
Sago	618
sago pearls	0
Sago starch	0
sake	26237
Sal	85927
Salad	167728
Salami	17830
Salep	3
Salmon	103911
salsa	24659
Salsa de tomate	43
Salsa Lizano	0
Salsa verde	43
salt	515800
Salt beef	15
Salt cod	1
Salt pork	303
Salt to taste	754
Salted beef	4
Salted cod	3
Salted egg	2
Salted egg yolk	1
Salted fish	33
Salted herring	5
Salted meat	137
Salted pork	26
Salted seafood	1
Salted vegetables	11
Saltfish	1
Saltine crackers	23732
Saltpeter	4
Sambal	5
Sambal (chili paste)	0
Sambal Balado	0
Sambal belacan	0
Sambal chili paste	0
Sambal goreng	0
Sambal Hijau	0
Sambal Ijo	0
Sambal Lado Mudo	0
Sambal Merah	0
Sambalado	0
Sambals	0
Sambar	27
Sambar powder	0
Sambol	0
samp	601
San Marzano tomatoes	1
Sandwich roll	53
Santol	5
Sapote	0
Sardines	48657
Saskatoon berries	3
Sate	1953
Satkara	0
Sattu (roasted gram flour)	0
Sauce	103321
Sauce (e.g. salsa, guacamole, ranch)	0
Sauce (usually mayonnaise or ketchup)	0
Sauce Mix	23
Sauces	38088
Sauerkraut	12726
sausage	64136
Sausage casing	117
Sausage meat	58
Sausages	15251
Sautéed anchovies	0
Sautéed bacon	0
Sautéed basil	0
Sautéed bay	0
Sautéed bay leaves	0
Sautéed beef	1
Sautéed bell peppers	7
Sautéed butter	0
Sautéed cabbage	1
Sautéed calamansi juice	0
Sautéed cardamom	0
Sautéed carrots	1
Sautéed catfish	0
Sautéed chili peppers	0
Sautéed chili powder	0
Sautéed chives	0
Sautéed cilantro	0
Sautéed cinnamon	0
Sautéed clams	0
Sautéed cloves	0
Sautéed coconut milk	0
Sautéed coriander	0
Sautéed corn	0
Sautéed crab	0
Sautéed cumin	0
Sautéed curry powder	0
Sautéed dill	0
Sautéed fennel	0
Sautéed fenugreek	0
Sautéed fish	0
Sautéed fish sauce	0
Sautéed galangal	0
Sautéed garam masala	0
Sautéed garlic	0
Sautéed ginger	0
Sautéed green beans	2
Sautéed ham	0
Sautéed hard-boiled eggs	0
Sautéed hoisin sauce	0
Sautéed kaffir lime leaves	0
Sautéed lard	0
Sautéed lemongrass	0
Sautéed liver	0
Sautéed lobster	0
Sautéed mackerel	0
Sautéed margarine	0
Sautéed marjoram	0
Sautéed mint	0
Sautéed MSG	0
Sautéed mussels	0
Sautéed mustard seeds	0
Sautéed nutmeg	0
Sautéed octopus	0
sautéed onions	10
Sautéed oregano	0
Sautéed oyster sauce	0
Sautéed oysters	0
Sautéed palm oil	0
Sautéed paprika	0
Sautéed parsley	0
Sautéed peanuts	0
Sautéed peas	0
Sautéed pepper	0
Sautéed peppercorns	0
Sautéed pork	0
Sautéed raisins	0
Sautéed rosemary	0
Sautéed sage	0
Sautéed salmon	0
Sautéed salt	0
Sautéed sardines	0
Sautéed sausage	1
Sautéed scallions	0
Sautéed shrimp	5
Sautéed shrimp paste	0
Sautéed soy sauce	0
Sautéed squid	0
Sautéed star anise	0
Sautéed sugar	0
Sautéed tamarind	0
Sautéed thyme	0
Sautéed tilapia	0
Sautéed tomatoes	0
Sautéed tuna	0
Sautéed turmeric	0
Sautéed vegetable oil	0
Sautéed vinegar	0
Sazon	5
Sazon seasoning	1
Scallion	2550
Scallion oil	0
scallions	7404
Scallops	9506
Schezwan sauce	2
Schmaltz	4550
Scones	1318
Scotch bonnet pepper	1
Scotch bonnet peppers	1
Scrambled eggs	45815
Scrod	33
Sea cucumber	52
Sea salt	8203
Seafood	64219
Seafood (optional)	0
Seafood (such as shrimp, clams, mussels, or squid)	0
Seafood (such as shrimp, clams, or fish)	0
Seafood (such as shrimp, crab, or mussels)	0
Seafood (such as shrimp, fish balls, or squid)	0
Seafood (such as shrimp, mussels, and squid)	0
Seafood (such as squid, shrimp, and scallops)	0
Seal fat	1
Seal meat	1
Seal oil	6
Seal skin	237
Seasoned soy sauce	0
seasoning	18158
Seasoning (Red Pepper Powder, Soy Sauce Powder, Garlic Powder, Onion Powder)	0
Seasoning cubes	0
Seasoning Mix	99
Seasoning peppers	5
seasonings	16845
Seaweed	17264
Seaweed flakes	3
Seeds	210373
Sel gris	0
Self-raising flour	0
Semi-sweet chocolate	82
Semi-Sweet Chocolate (Sugar, Chocolate, Cocoa Butter, Soy Lecithin - an Emulsifier, Vanillin - an Artificial Flavor)	0
Semi-sweet chocolate chips	58
Semolina	6176
Semolina flour	2217
Serrano chilies	0
Serrano ham	0
Serrano peppers	9
Serunding	0
sesame oil	6060
sesame paste	82
Sesame seed	5668
Sesame seed bun	37
sesame seeds	5474
Sev	24571
Seville orange zest	0
Seville Oranges	6413
Sha cha sauce	0
Shacha sauce	0
Shaki	96
Shallot	73
shallots	5718
Shanklish	0
Shaoxing wine	0
Shark fin	35
Shark meat	2
shaved ice	91
Shea oil	14
Sheep's head	0
Sheep's heart	2
Sheep's milk	142
Sheep's sorrel	2
Shellfish	114329
Sherry	167151
Sherry or Madeira wine	0
Sherry pepper sauce	0
Sherry Vinegar	3
shiitake mushrooms	114
Shikwasa juice	0
Shimeji mushrooms	7
Shirataki noodles	110
Shirokuma	0
Shiso leaves	0
Shitake mushrooms	92
Short grain rice	10
Short-grain rice	10
Shortbread	3840
Shortcrust pastry	0
Shortcrust pastry dough	0
Shortening	175170
Shredded beef	152
Shredded cabbage	1458
Shredded carrots	1230
Shredded cheese	5785
Shredded chicken	1380
Shredded coconut	3757
Shredded green beans	1
Shredded lettuce	210
Shredded meat (usually beef or chicken)	0
Shredded nori seaweed	0
Shredded phyllo dough	0
Shredded pork	85
Shredded pork skin	0
Shredded smoked fish	0
Shredded squid	1
shredded vegetables	33
shrimp	59600
Shrimp crackers	7
shrimp paste	31
Shrimp roe	0
Shrimps	567
Sichuan pepper	1
Sichuan peppercorns	1
Sili peppers	0
Silicon dioxide	458
Silkworm pupae	0
Silver dragees	0
Silver leaves	0
Simit	6
Simple syrup	171
Skewered fruits	0
Skewers	213
Skim Milk	51468
Skimmed milk powder	18
Skimmed milk powder (6.6%)	0
Skirt steak	86
Skirts	21824
Skyr	85
sliced bologna	7
Sliced bread	198
sliced cheese	527
sliced ham	220
sliced hotdogs	0
Sliced meat	60
sliced rice cakes	1
Slider buns	24
Small sausages	39
Smoke	1144096
Smoked bacon	18
Smoked fish	291
Smoked haddock	0
Smoked herring	9
Smoked meat	196
Smoked pork belly	0
Smoked pork ribs	4
Smoked salmon	1402
Smoked sausage	410
Smoked skipjack tuna	0
Smoker	1194825
Smoking process	24
Snails	421
Snake gourd	2
Snap peas	5425
Snickers bars	203
Snow	140015
Snow fungus	0
Snow peas	3850
soaked rice	4
Soba noodles	167
Soda water	6780
Sodium alginate	1307
Sodium Benzoate and Potassium Sorbate (Preservatives)	0
Sodium bicarbonate	84835
Sodium carbonate	258
Sodium caseinate	64
Sodium citrate	12902
Sodium erythorbate	1577
Sodium hexametaphosphate	8
Sodium nitrate	212
Sodium nitrite	1626
Sodium phosphate	57756
Sodium pyrophosphate	9
Sodium selenite	44
Sodium tripolyphosphate	14
Sofrito	7
Soft pretzel	490
Soft-boiled egg	235
Softeners	195863
soju	36
Sole	373997
Sōmen	0
Somen noodles	8
Sōmen noodles	0
Sorbic Acid	857
Sorbitol	26998
Sorghum	4616
Sorrel	800
Sorrel leaves	0
Soup mandels	0
Soup nuts	31
Sour cherries	29
Sour cream	30090
Sour plums	0
Soy flour	398
Soy grits	40
Soy lecithin	2432
Soy milk	93983
Soy oil	770
Soy protein	6129
soy sauce	15609
Soya flour	323
soya lecithin	116
Soybean	20754
Soybean oil	5200
soybean paste	24
soybean sprouts	4
soybeans	59291
spaghetti	64533
Spaghetti noodles	1442
Spam	12303
Spanakopita	22
Spare ribs	634
Sparkling wine	58
Spätzle	0
Spearmint	1881
Special sauce	33
Speculaas spice blend	0
Speculaas spices	0
Speculoos cookies	0
Spice	26031
spice cake mix	1
Spice extract	6
Spiced water	0
spices	41549
Spices (black pepper, parsley, celery seed, basil, bay, marjoram, oregano, thyme, cayenne pepper, coriander, cumin, mustard, rosemary)	0
Spices (such as cinnamon, cloves, nutmeg)	0
Spices (such as cinnamon, nutmeg, and cloves)	0
Spices (such as cinnamon, nutmeg, cloves, ginger)	0
Spices (such as paprika, cayenne pepper)	0
Spicy mayo	49
Spicy peanut sauce	2
Spicy sauce	158
Spicy tomato sauce	24
Spicy tuna mixture	0
spinach	124446
Spirit Vinegar	1
Spirulina concentrate	0
spleen	552385
Split black gram	1
Split peas	19923
Split pigeon peas	2
Split yellow lentils	0
Split yellow moong dal	0
Sponge cake	1198
Sport peppers	0
Spread (butter, mayonnaise, etc.)	0
Spreads	188762
Spring onions	87
Spring roll wrappers	0
Sprinkles	8537
Sprite	81677
Sprouted grains	71
Sprouted Moong Beans	0
Sprouted moth beans	0
Squab	15
squash	73663
Squash blossoms	1
squid	1376
Squid ink	14
Sriracha	196
Sriracha mayo	8
Ssamjang (dipping sauce)	0
Stabilisers	14
Stabilisers (Locust Bean Gum, Guar Gum, Carrageenan)	0
Stabilizer	32285
Stabilizers	32621
star anise	40
Star fruit	6616
starch	44262
Starches	28869
Starter (wild yeast culture)	0
Starter culture	60
steak	51192
Steamed egg meatloaf	0
Steamed milk	32
Steamed or toasted hot dog bun	0
Steamed rice	208
Steel-cut oats	4312
Stelline	0
Sticky rice	194
Stingray	188
Stir-fried meat	12
Stir-fried vegetables	328
Stock	154429
Stock cubes	17
Stockfish	1
Straw mushrooms	0
strawberries	68392
Strawberry	59780
Strawberry ice cream	227
Strawberry jam	1964
Strawberry sauce	31
string beans	4595
Stuffed grape leaves	129
Stuffing	6831
Submarine sandwich bread	0
suet	61
sugar	583384
Sugar (optional)	4
Sugar beans	35
Sugar cane	666
Sugar cane juice	27
Sugar cookie dough	13
Sugar for coating	0
Sugar for dusting	0
Sugar syrup	361
Sugarcane juice	1
sultanas	8
sumac	8825
Sun-drying	2
Sunflower lecithin	371
Sunflower oil	6994
Sunflower seeds	30313
Sushi rice	78
Sushi-grade fish	0
Swede	1249
Sweet and tangy sauce	0
Sweet bean sauce	0
sweet bread roll	0
Sweet corn	896
Sweet corn kernels	0
Sweet paprika	3
Sweet pepper	75
Sweet pickle relish	32
sweet potato	39566
Sweet potato noodles	27
Sweet potato starch	6
Sweet potato starch noodles	3
sweet potatoes	47180
Sweet red bean paste	2
Sweet rice	54
Sweet rice flour	3
sweet sauce	40
Sweet soy sauce	4
sweet syrup	51
Sweetbreads	3191
Sweetened beans	2
sweetened condensed milk	509
Sweetened flaked coconut	0
Sweetened fruits	5
Sweetened shredded coconut	13
Sweetener	21564
Sweeteners	52238
Swiss chard	12228
Swiss chard leaves	0
Swiss cheese	6660
Swordfish	11275
Syrup	207128
Tabasco sauce	198
Tabbouleh	405
Taco seasoning	533
Tahini	3556
Tajin seasoning	13
Takoyaki sauce	0
Tamagoyaki (Japanese rolled omelette)	0
Tamale	248
tamarind	2648
Tamarind candy	1
Tamarind chutney	1
Tamarind extract	2
tamarind juice	5
Tamarind paste	8
Tamarind pods	0
Tamarind pulp	1
Tapioca	6323
Tapioca Dextrin	7
Tapioca flour	49
Tapioca leaves	0
Tapioca pearls	14
Tapioca starch	101
Tarama (salted and cured roe of cod or carp)	0
Taramasalata	1
taro	2630
Taro leaves	2
Taro root	24
Taro roots	0
Tarragon	1124
Tartar sauce	3092
Tartaric acid	51
Tater tots	2517
Tau pok	0
Tau pok (fried tofu puffs)	0
Taurine	10206
TBHQ	32
Tea	489357
Tea leaves	2408
Teff flour	22
Tejocotes	0
Telur Balado	0
Tempe	3973
Tempeh	10357
Tempering (Oil, Mustard Seeds, Urad Dal, Chopped Ginger, Green Chilies, Curry Leaves)	0
Tempura	459
Tempura batter	5
Tempura scraps	0
Tenkasu	0
Tequila	3692
Terasi (shrimp paste)	0
Tertiary butylhydroquinone	1
Tetrasodium pyrophosphate	11
Texas toast	324
Thai basil	12
Thai bird's eye chilies	0
Thai chili peppers	2
Thai chilies	0
Thai eggplant	1
Thai holy basil	0
Thiamin	14657
Thiamin mononitrate	61
Thiamine	50608
Thiamine hydrochloride	91
Thiamine Mononitrate	550
Thickener	3262
Thin pastry dough	0
Thin sheets of dough	0
Thin wheat flour noodles	0
Thin wheat noodles	1
Thinly sliced beef	5
Thinly sliced vegetables	3
Thoran	4
Thousand Island dressing	329
thyme	7091
Thyme leaves	5
Time	2785827
Titanium Dioxide	36445
toast	176783
Toast bread	649
Toasted bread	1514
Toasted pecans	6
Toasted rice flour	0
Toasted sesame seeds	2
tobacco	1846490
Toffee	198
tofu	119864
Tofu dishes	24
Tofu puffs	0
Tofu skin	6
Tomate	337
Tomatillos	26
tomato	131607
Tomato concentrate	8
Tomato ketchup	94
tomato paste	6173
Tomato powder	15
Tomato puree	362
tomato sauce	18618
Tomato slices	1362
tomatoes	208294
Tonkatsu sauce	1
Toor dal	3
Toothpicks	3643
Toppings	19072
Toppings (such as beans, cheese, lettuce, salsa)	0
Toppings (such as herbs, olives, tomatoes)	0
Toppings (such as mochi, nuts, or cereal)	0
Toppings (such as poppy seeds, sesame seeds, or onions)	0
Toppings (such as poppy seeds, sesame seeds, salt)	0
Toppings (such as scallions, nori, tempura, etc.)	0
Toppings of choice	31
Torch ginger flower	0
Tortiglioni	0
Tortilla	51411
Tortilla chips	11377
Tortilla Española	0
Tortilla strips	146
Tortillas	53333
Tortoise shell	210
Tostitos chips	107
Treacle	66
Trenette	8
Tripe	439
Triple sec	13
Trisodium citrate	50
Truffle	428
Truffle butter	1
Truffle oil	24
Truffles	169
Tsukemen dipping sauce	0
Tteok (rice cakes)	0
Tucupi	0
Tuna	68742
Turkey	128865
Turkish delight	16
turmeric	40095
Turmeric leaves	0
Turmeric powder	143
Turnip	11929
Turnips	13270
Turtle meat	1
Typically mammals such as monkeys, bats, rodents, and antelopes	0
Tzatziki	701
Tzatziki sauce	445
Ubad	0
Ube	65513
Ube (purple yam)	0
Ube extract	0
Ube halaya	0
Ubod	0
Udon noodles	170
Ugba (oil bean seed)	0
Ukazi leaves	0
Ulam (herbs)	0
unripe green jackfruit	0
Unsalted butter	497
Unsweetened cocoa powder	76
Urad dal	2
Urad dal flour	0
Utazi leaves	0
Uziza leaves	0
Vanilla	46679
Vanilla bean	158
vanilla essence	5
vanilla extract	3449
Vanilla flavor	1835
vanilla frosting	38
Vanilla ice cream	3510
Vanilla pudding	2150
Vanilla pudding mix	1
Vanilla soft serve ice cream	7
Vanilla sugar	40
Vanilla wafer cookies	33
Vanilla wafers	1449
Vanillin	114
Various types of pickled vegetables	0
Veal	7951
Veal cutlets	8
Veal lungs	0
Veal or pork cutlets	1
Veal schnitzel	0
Veal shanks	0
Vegemite	126
Vegetable broth	80076
Vegetable dishes	458
Vegetable extract	65
Vegetable fat	69
Vegetable fats	402
Vegetable fats (palm, shea)	0
vegetable oil	21681
Vegetable Oil (Sunflower, Corn, and/or Canola Oil)	1
Vegetable oils	16459
Vegetable Oils (Palm, Coconut)	0
Vegetable oils (palm, palm kernel)	1
Vegetable oils (palm, sunflower)	0
vegetable or chicken broth	25
Vegetable shortening	557
Vegetable stock	44
vegetables	532905
Vegetables (bell peppers, bamboo shoots, eggplant)	0
Vegetables (bell peppers, onions, carrots, cabbage)	0
Vegetables (carrots, bell peppers, onions)	0
Vegetables (carrots, celery, onions)	2
Vegetables (carrots, leeks, celery)	0
Vegetables (e.g. lettuce, tomatoes, onions)	0
Vegetables (optional)	854
Vegetables (such as beans, carrots, cabbage, or potatoes)	0
Vegetables (such as bell peppers, bamboo shoots, and eggplant)	0
Vegetables (such as bell peppers, onions, and tomatoes)	0
Vegetables (such as bell peppers, peas, and carrots)	0
Vegetables (such as bell peppers, peas, carrots)	0
Vegetables (such as bok choy or spinach)	0
Vegetables (such as bok choy, cabbage, or spinach)	0
Vegetables (such as bok choy, carrots, and mushrooms)	0
Vegetables (such as cabbage, carrots, and bean sprouts)	0
Vegetables (such as cabbage, carrots, and mushrooms)	0
Vegetables (such as cabbage, carrots, bell peppers)	0
Vegetables (such as cabbage, carrots, long beans)	0
Vegetables (such as carrots, cabbage, and snow peas)	0
Vegetables (such as carrots, cabbage, and spinach)	0
Vegetables (such as carrots, peas, and cabbage)	0
Vegetables (such as carrots, peas, and green onions)	0
Vegetables (such as cucumber, avocado, or carrot)	0
Vegetables (such as drumsticks, okra, eggplant, carrots)	0
Vegetables (such as kale, endive, or sauerkraut)	0
Vegetables (such as napa cabbage, mushrooms, and green onions)	0
Vegetables (such as onions, potatoes, spinach)	0
Vegetables (such as potatoes, eggplant, or okra)	0
Vegetables (such as spinach, bean sprouts, carrots, zucchini)	0
Vegetables (such as squash, string beans, or spinach)	0
Vegetables (usually spinach, bean sprouts, and cabbage)	0
Vegetables or seafood	10
Vegetarian oyster sauce	0
Venison	4339
Vermicelli	36
Vermicelli noodles	7
Vienna sausages	167
Vietnamese coriander	0
Vietnamese mint	0
Vietnamese sausage	1
Viili culture	0
Vinaigrette dressing	7701
vinegar	100541
Vinegar or lemon juice	68
Vital wheat gluten	32
Vitamin A palmitate	1560
Vitamin B1	20548
Vitamin B2	16130
Vitamin B6	44263
Vitamin B12	189899
Vitamin C	240680
Vitamin D	651059
Vitamin D3	409873
Vitamin E acetate	7808
Vitamin K1	34107
Vitamins	551359
Vitamins (B3, B9, B12)	0
Vitamins A and D	458
Vitamins and minerals	33338
Vodka	23948
Wafer	17128
Wafer biscuits	1
Wafer cookies	191
Wafer shells	0
Wafers	9836
Waffle batter	40
Waffle cone	86
Waffle iron	103
Waffles	18213
Wakame seaweed	2
Walnut	33997
walnuts	52077
Warm water	213002
Wasabi	376
Wasabi aioli	0
water	1376161
Water chestnut flour	1
Water chestnuts	2751
Water dropwort	0
Water spinach	52
Waterblommetjies	0
Watercress	11673
Waterleaf	19
Watermelon	56807
whale meat	1
Wheat	222049
Wheat berries	193
Wheat bran	13307
Wheat farina	21
wheat flour	3159
Wheat germ	9164
Wheat gluten	1894
Wheat noodles	559
Wheat starch	3038
Whey	15920
Whey powder	429
Whey powder (from milk)	0
Whey powder (milk)	10
Whey Protein	8259
Whey Protein Concentrate	225
Whey Solids (Milk)	0
whipped cream	4960
Whipped topping	1073
Whipping cream	5488
whiskey	16499
Whisky	3734
Whisky cream sauce	0
White beans	23838
White bread	41579
white cake mix	1
White cheddar cheese	98
White chocolate	503
White chocolate chips	29
White chocolate shavings	0
White corn kernels	0
White fish fillets	1
White Mineral Oil	8
White onions	32
White peas	4
white pepper	302
White pudding	8
White radish	13
White rice	38071
White sauce	275
white sesame	30
White sesame seed	9
White sesame seeds	6
White sugar	1685
White vinegar	17779
white wine	2463
White wine vinegar	52
Whitefish	2660
Whole black lentils	0
Whole black peppercorns	1
Whole chicken	262
Whole grain cereals	5950
Whole grain rolled oats	9
Whole grain rye flour	0
Whole grain wheat, raisins, wheat bran, sugar, brown sugar syrup, salt, malt flavoring, vitamins and minerals.	0
Whole grain wheat, sugar, wheat bran, whole grain oats, corn syrup, honey, salt, malt extract, natural flavor.	0
Whole milk	133806
Whole milk powder	38
Whole rye berries	0
Whole spices (such as cinnamon, cardamom, cloves)	0
Whole wheat bread, non-dairy cheese, raw carrots, spinach, raisins, beans, tomato paste, powdered milk, potato flakes, margarine, dehydrated onion, garlic powder, salt	0
Whole wheat farina	1
Whole wheat flour	2057
Wholegrain Oat Flour	0
Wholemeal barley flour	0
Wholemeal Flour	2
Wholemeal wheat flour	0
Wide rice noodles	1
Wild animals	831
Wild betel leaf	0
Wild game	2717
Wine	509636
Wine vinegar	2773
Winged bean	0
Winter melon	7
Wolfberries	5
Wonton strips	19
wonton wrappers	3
Wood chips	1724
Wood ear fungus	0
wood ear mushrooms	0
Worcestershire sauce	2731
Wrapped in banana leaves	0
Wurst	75
Xanthan gum	387
Yak meat	0
Yam	1228
Yamaimo	9
Yams	7957
Yardlong bean	0
Yardlong beans	0
yeast	301293
Yeast extract	778
Yellow 5	932
Yellow 5 Lake	12
Yellow 6	1083
Yellow bell peppers	129
Yellow cake mix	10
Yellow candy stars	0
Yellow Chartreuse	1
Yellow curry paste	1
Yellow food coloring	39
Yellow mustard	3227
Yellow noodles	0
Yellow pepper	344
Yellow potatoes	56
Yellow Pumpkin	2
Yellow radish	0
Yellow soybeans	0
Yellow split peas	14
Yellow squash	2614
Yi mein noodles	0
Yoghurt sauce	0
Yogurt	363322
Yogurt culture	26
Yolks	9873
Yorkshire pudding	7
You Tiao	0
Young coconut	3
Young coconut meat	0
Young green rice flakes	0
Young jackfruit	0
Young radish greens	0
Young rice	0
Youtiao	0
Yuca	47
Yucca	208
Yuzu peel	0
Za'atar	19
Zgougou (powdered dried fruits and nuts)	0
Zinc Oxide	68475
Zinc sulfate	11445
Ziti	270
Zucchini	29695
Zwetschgen	0